[
{
	"id":"LMB_Rifleman",
	"copy-from":"LMB_Rifleman",
	"type":"MONSTER",
	"name":{"str":"步枪手"},
	"looks_like": "mon_zombie_soldier",
	"description":"一名被黯牙收编的幸存者军队的士兵，他可能来自75游骑兵团或是雇佣兵组织。他身上穿着曾经的白色作战服和全新的防弹背心，你看到他手上拿着全新且装满着配件的军规P416。",
	"default_faction":"military",
	"species":["HUMAN"],
	"diff":30,
	"volume":"75000ml",
	"weight":"81500g",
	"hp":140,
	"speed":90,
	"material":["flesh"],
	"symbol":"@",
	"color":"white",
	"aggression":40,
	"morale":100,
	"melee_skill":6,
	"melee_dice":6,
	"melee_dice_sides":6,
	"melee_damage": [ { "damage_type": "bash", "amount": 4 } ],
	"dodge":5,
	"armor_bash":27,
	"armor_cut":30,
	"armor_bullet":30,
	"vision_day":40,
	"vision_night":8,
	"path_settings": {"max_dist": 15},
	"starting_ammo":{"556":660},
	"special_attacks":[
	{
		"type":"gun",
		"cooldown":3,
		"gun_type":"military_p416_R",
		"ammo_type":"556",
		"fake_skills":[["gun",5],["rifle",5]],
		"ranges":[[2,5,"AUTO"],[6,24,"DEFAULT"]],
            "require_targeting_player": true,
            "require_targeting_npc": true,
            "require_targeting_monster": true,
            "targeting_cost": 100
	},
	["BIO_OP_TAKEDOWN",13]
	],
	"death_drops":"last_man_battletion_rifleman",
	"harvest":"zombie",
	"flags":[
	"SEES",
	"HEARS",
	"SMELLS",
	"WARM",
	"CLIMBS",
	"PATH_AVOID_DANGER_1",
	"CAN_OPEN_DOORS",
	"PRIORITIZE_TARGETS",
	"PLASTIC"
 ]
},
{
	"id":"LMB_Grenadier",
	"copy-from":"LMB_Grenadier",
	"type":"MONSTER",
	"name":{"str":"榴弹手"},
	"looks_like": "mon_zombie_soldier",
	"description":"一名被黯牙收编的幸存者军队的士兵，他可能来自75游骑兵团。他身上穿着全新的重型军用护甲，手上拿着一把MGL榴弹发射器为小队提供火力支援。",
	"default_faction":"military",
	"species":["HUMAN"],
	"diff":30,
	"volume":"75000ml",
    "weight": "81500 g",
	"hp":155,
	"speed":85,
	"material":["flesh"],
	"symbol":"@",
	"color":"white",
	"aggression":40,
	"morale":100,
	"melee_skill":5,
	"melee_dice":4,
	"melee_dice_sides":5,
	"melee_damage": [ { "damage_type": "bash", "amount": 4 } ],
	"dodge":3,
	"armor_bash":35,
	"armor_cut":30,
	"armor_bullet":35,
	"vision_day":40,
	"vision_night":5,
	"path_settings": {"max_dist": 15},
	"starting_ammo":{"40x46mm_m433":300},
	"special_attacks":[
	{
		"type":"gun",
		"cooldown":5,
		"gun_type":"mosters_mgl",
		"ammo_type":"40x46mm_m433",
		"fake_skills":[["launcher",5],["gun",5]],
		"fake_str":8,
		"fake_dex": 6,
		"fake_per":5,
          "ranges":[[4,26,"DEFAULT"]],
           "require_targeting_player": true,
           "require_targeting_npc": true,
           "require_targeting_monster": true,
           "targeting_cost": 330
	},
	["BIO_OP_TAKEDOWN",12]
	],
	"death_drops":"last_man_battletion_grenadier",
	"harvest":"zombie",
     "flags":[
     "SEES",
     "HEARS",
     "SMELLS",
     "WARM",
     "CLIMBS",
     "PATH_AVOID_DANGER_1",
     "CAN_OPEN_DOORS",
     "PRIORITIZE_TARGETS"
 ]
},
{
	"id":"LMB_scout",
	"copy-from":"LMB_scout",
	"type":"MONSTER",
	"name":{"str":"斥候"},
	"looks_like": "mon_zombie_soldier",
	"description":"一名被黯牙收编的幸存者军队的侦查兵。他身上穿着轻便的侦查服，带着一些先进的侦查设备，拿着MP5为队伍进行侦查和突击。",
	"default_faction":"military",
	"species":["HUMAN"],
	"diff":30,
	"volume":"75000ml",
    "weight": "81500 g",
	"hp":130,
	"speed":145,
	"material":["flesh"],
	"symbol":"@",
	"color":"white",
	"aggression":40,
	"morale":100,
	"melee_skill":10,
	"melee_dice":6,
	"melee_dice_sides":6,
	"melee_damage": [ { "damage_type": "bash", "amount": 4 } ],
	"dodge":6,
	"armor_bash":30,
	"armor_cut":25,
	"armor_bullet":23,
	"vision_day":50,
	"vision_night":7,
	"starting_ammo":{"9mm":3000},
	"special_attacks":[
	{
		"type":"gun",
		"cooldown":2,
		"gun_type":"hk_mp5_S",
		"ammo_type":"9mm",
		"fake_skills":[["gun",6]],
		"ranges":[[2,16,"AUTO"]],
            "require_targeting_player": true,
            "require_targeting_npc": true,
            "require_targeting_monster": true,
            "targeting_cost": 40
	},
	["BIO_OP_TAKEDOWN",12]
	],
	"death_drops":"last_man_battletion_scout",
	"harvest":"zombie",
	"flags":[
	"SEES",
	"HEARS",
	"SMELLS",
	"WARM",
	"CLIMBS",
	"PATH_AVOID_DANGER_1",
	"CAN_OPEN_DOORS",
	"PRIORITIZE_TARGETS"
 ]
},
{
	"id":"LMB_Assault",
	"copy-from":"LMB_Assault",
	"type":"MONSTER",
	"name":{"str":"突击手"},
	"looks_like": "mon_zombie_soldier",
	"description":"一名被黯牙收编的幸存者军队士兵，他可能来自75游骑兵团或是某个雇佣兵部队。他身上穿着轻便的突击服和轻型防弹衣，手上拿着saiga12霰弹枪为队伍的进攻进行突击。",
	"default_faction":"military",
	"species":["HUMAN"],
	"diff":30,
	"volume":"75000ml",
     "weight": "81500 g",
	"hp":160,
	"speed":125,
	"material":["flesh"],
	"symbol":"@",
	"color":"white",
	"aggression":40,
	"morale":100,
	"melee_skill":10,
	"melee_dice":6,
	"melee_dice_sides":6,
	"melee_damage": [ { "damage_type": "bash", "amount": 4 } ],
	"dodge":6,
	"armor_bash":25,
	"armor_cut":25,
	"armor_bullet":20,
	"vision_day":40,
	"vision_night":7,
	"starting_ammo":{"shot_00":300},
	"special_attacks":[
	{
		"type":"gun",
		"cooldown":2,
		"gun_type":"saiga_12_A",
		"ammo_type":"shot_00",
		"fake_skills":[["shotgun",5],["gun",5]],
          "ranges":[[1,12,"DEFAULT"]],
            "require_targeting_player": true,
            "require_targeting_npc": true,
            "require_targeting_monster": true,
            "targeting_cost": 50
	},
	["BIO_OP_TAKEDOWN",10]
	],
	"death_drops":"last_man_battletion_assault",
	"harvest":"zombie",
	"flags":[
	"SEES",
	"HEARS",
	"SMELLS",
	"WARM",
	"CLIMBS",
	"PATH_AVOID_DANGER_1",
	"CAN_OPEN_DOORS",
	"PRIORITIZE_TARGETS"
 ]
},
{
	"id":"LMB_Sniper",
	"copy-from":"LMB_Sniper",
	"type":"MONSTER",
	"name":{"str":"狙击手"},
	"looks_like": "mon_zombie_soldier",
	"description":"一名被黯牙部队收编的幸存者军队狙击手，她可能来自雇佣兵部队或75游骑兵团。她身上穿着披风和战斗服，手上拿着SRS，丰富的战斗经验让她即使在近距离格斗也有不低的战斗力。",
	"default_faction":"military",
	"species":["HUMAN"],
	"diff":30,
	"volume":"75000ml",
    "weight": "81500 g",
	"hp":80,
	"speed":90,
	"material":["flesh"],
	"symbol":"@",
	"color":"white",
	"aggression":40,
	"morale":100,
	"melee_skill":4,
	"melee_dice":4,
	"melee_dice_sides":5,
	"melee_damage": [ { "damage_type": "bash", "amount": 5 } ],
	"dodge":4,
	"armor_bash":20,
	"armor_cut":20,
	"armor_bullet":15,
	"vision_day":45,
	"vision_night":10,
	"path_settings": { "max_dist": 25 },
	"starting_ammo":{"762_51":300,
	"bot_manhack": 3},
	"special_attacks":[
	{
		"type":"gun",
		"cooldown":4,
		"gun_type":"srs",
		"ammo_type":"762_51",
		"fake_skills":[["rifle",5],["gun",5]],
          "ranges":[[5,40,"DEFAULT"]],
            "require_targeting_player": true,
            "require_targeting_npc": true,
            "require_targeting_monster": true,
            "targeting_cost": 200
	},
	["BIO_OP_TAKEDOWN",15],
	["GRENADIER_ELITE",4]
	],
	"death_drops":"last_man_battletion_sniper",
	"harvest":"zombie",
	"flags":[
	"SEES",
	"HEARS",
	"SMELLS",
	"WARM",
	"CLIMBS",
	"PATH_AVOID_DANGER_1",
	"CAN_OPEN_DOORS",
	"PRIORITIZE_TARGETS"
 ]
},
{
	"id":"LMB_Engineer",
	"copy-from":"LMB_Engineer",
	"type":"MONSTER",
	"name":{"str":"工程兵"},
	"looks_like": "mon_zombie_soldier",
	"description":"一名被黯牙收编的幸存者军队战斗工兵，他很可能来自75游骑兵团的工程兵部队。他身上穿着夹克和军用背包，手上拿着M870。你注意到他身后的背包里放着一些东西....",
	"default_faction":"military",
	"species":["HUMAN"],
	"diff":30,
	"volume":"75000ml",
     "weight": "81500 g",
	"hp":160,
	"speed":90,
	"material":["flesh"],
	"symbol":"@",
	"color":"white",
	"aggression":40,
	"morale":100,
	"melee_skill":6,
	"melee_dice":4,
	"melee_dice_sides":5,
	"melee_damage": [ { "damage_type": "bash", "amount": 5 } ],
	"dodge":4,
	"armor_bash":25,
	"armor_cut":25,
	"armor_bullet":30,
	"vision_day":35,
	"vision_night":6,
	"path_settings": {"max_dist": 5 },
	"starting_ammo":{
	"shot_00":300,
     "bot_flashbang_hack": 20,
     "bot_gasbomb_hack": 20},
	"special_attacks":[{
		"type":"gun",
		"cooldown":3,
		"gun_type":"remington_870_express",
		"ammo_type":"shot_00",
		"fake_skills":[["shotgun",5],["gun",5]],
          "ranges":[[1,12,"DEFAULT"]],
            "require_targeting_player": true,
            "require_targeting_npc": true,
            "require_targeting_monster": true,
            "targeting_cost": 150
	},
	["BIO_OP_TAKEDOWN",15],
	["GRENADIER_ELITE",4]
	],
	"death_drops":"last_man_battletion_engineer",
	"harvest":"zombie",
	"flags":[
	"SEES",
	"HEARS",
	"SMELLS",
	"WARM",
	"CLIMBS",
	"PATH_AVOID_DANGER_1",
	"CAN_OPEN_DOORS",
	"PRIORITIZE_TARGETS"
]
},
{
	"id":"LMB_Medic",
	"copy-from":"LMB_Medic",
	"type":"MONSTER",
	"//":"因为作者技术力过低，暂时无法做出治疗队友(高兴吧，你不会知道打传奇本时的这货多能奶)",
	"name":{"str":"医疗兵"},
	"looks_like": "mon_zombie_soldier",
	"description":"一名被黯牙收编的幸存者军队战地医生，他很可能来自75游骑兵团的战地医疗部队。他身上穿着携行具和大型背包，手上拿着一把AUG。你注意到他身上的衣物里放着一些医疗用品....",
	"default_faction":"military",
	"species":["HUMAN"],
	"diff":30,
	"volume":"75000ml",
    "weight": "81500 g",
	"hp":160,
	"speed":90,
	"material":["flesh"],
	"symbol":"@",
	"color":"white",
	"aggression":40,
	"morale":100,
	"melee_skill":5,
	"melee_dice":4,
	"melee_dice_sides":4,
	"melee_damage": [ { "damage_type": "bash", "amount": 4 } ],
	"dodge":5,
	"armor_bash":30,
	"armor_cut":30,
	"armor_bullet":25,
	"vision_day":40,
	"vision_night":7,
	"path_settings": { "max_dist": 15 },
	"starting_ammo":{"556":3000},
	"special_attacks":[
	{
		"type":"gun",
		"cooldown":3,
		"gun_type":"steyr_aug",
		"ammo_type":"556",
		"fake_skills":[["rifle",5],["gun",5]],
		"ranges":[[2,5,"AUTO"],[6,24,"DEFAULT"]],
          "require_targeting_player": true,
          "require_targeting_npc": true,
          "require_targeting_monster": true,
          "targeting_cost": 150
	},
	["BIO_OP_TAKEDOWN",30]
	],
	"death_drops":"last_man_battletion_medic",
	"harvest":"zombie",
	"regenerates": 3,
    "regen_morale": true,
    "flags":[
    "SEES",
    "HEARS",
    "SMELLS",
    "WARM",
    "CLIMBS",
    "PATH_AVOID_DANGER_1",
    "CAN_OPEN_DOORS",
    "PRIORITIZE_TARGETS"
 ]
},
{
	"id":"LMB_Gunner",
	"copy-from":"LMB_Gunner",
	"type":"MONSTER",
	"name":{"str":"重火力手"},
	"looks_like": "mon_zombie_soldier",
	"description":"一名被黯牙收编的幸存者军队重火力手，他可能来自75游骑兵团的支援连或是班组机枪手。他身上穿着重型防弹衣和大型背包，手上拿着M60E4。他的背后装备了一种实验型的治疗平台，能够为他持续治疗伤口。",
	"default_faction":"military",
	"species":["HUMAN"],
	"diff":30,
	"volume":"135000ml",
     "weight": "90000 g",
	"hp":250,
	"speed":70,
	"material":["flesh"],
	"symbol":"@",
	"color":"white",
	"aggression":40,
	"morale":100,
	"melee_skill":3,
	"melee_dice":3,
	"melee_dice_sides":3,
	"melee_damage": [ { "damage_type": "bash", "amount": 1 } ],
	"dodge":2,
	"armor_bash":40,
	"armor_cut":45,
	"armor_bullet":45,
	"vision_day":40,
	"vision_night":7,
	"path_settings": { "max_dist": 18 },
	"starting_ammo":{"308":6000},
	"special_attacks":[{
		"type":"gun",
		"cooldown":1,
		"gun_type":"mosters_m60e4",
		"ammo_type":"308",
		"fake_skills":[["rifle",6],["gun",6]],
		"ranges":[[1,20,"DEFAULT"]],
          "require_targeting_player": true,
          "require_targeting_npc": true,
          "require_targeting_monster": true,
          "targeting_cost": 300
	},
	["BIO_OP_TAKEDOWN",30]
	],
	"death_drops":"last_man_battletion_gunner",
	"harvest":"zombie",
	"regenerates": 5,
    "regen_morale": true,
	"flags":[
	"SEES",
	"HEARS",
	"SMELLS",
	"WARM",
	"CLIMBS",
	"PATH_AVOID_DANGER_1",
	"CAN_OPEN_DOORS",
	"PRIORITIZE_TARGETS"
 ]
},
{
	"id":"LMB_squad_leader",
	"copy-from":"LMB_squad_leader",
	"type":"MONSTER",
	"name":{"str":"火力组组长"},
	"looks_like": "mon_zombie_soldier",
	"description":"一名被黯牙收编的幸存者军队火力组队长，很可能来自75游骑兵团。她身上穿着优秀的防护装备，手上拿着一把军规P416。她拥有丰富的战斗经验，将指挥小队进行战斗。",
	"default_faction":"military",
	"species":["HUMAN"],
	"diff":30,
	"volume":"75000ml",
    "weight": "81500 g",
	"hp":200,
	"speed":85,
	"material":["flesh"],
	"symbol":"@",
	"color":"white",
	"aggression":40,
	"morale":100,
	"melee_skill":5,
	"melee_dice":3,
	"melee_dice_sides":5,
	"melee_damage": [ { "damage_type": "bash", "amount": 5 } ],
	"dodge":1,
	"armor_bash":30,
	"armor_cut":30,
	"armor_bullet":35,
	"vision_day":44,
	"vision_night":11,
	"path_settings": {"max_dist":20},
	"starting_ammo":{"556":3000},
	"special_attacks":[
	{
		"type":"gun",
		"cooldown":2,
		"gun_type":"military_p416_R",
		"ammo_type":"556",
		"fake_skills":[["rifle",6],["gun",6]],
		"ranges":[[2,6,"AUTO"],[7,25,"DEFAULT"]],
          "require_targeting_player": true,
          "require_targeting_npc": true,
          "require_targeting_monster": true,
          "targeting_cost": 100
	},
	["BIO_OP_TAKEDOWN",30],
        {"type": "spell",
        "spell_data": {"id": "LMB_squad_buff"},
        "cooldown": 5,
        "monster_message": "<color_light_red>幸存者军队小队队长正在指挥士兵冲锋!！</color>"
      }
	],
	"death_drops":"last_man_battletion_squad_leader",
	"harvest":"zombie",
	"flags":[
	"SEES",
	"HEARS",
	"SMELLS",
	"WARM",
	"CLIMBS",
	"PATH_AVOID_DANGER_1",
	"CAN_OPEN_DOORS",
	"PRIORITIZE_TARGETS"
 ]
},
{
	"id":"Rouge_agent",
	"copy-from":"Rouge_agent",
	"type":"MONSTER",
	"//":"没有核能黏弹，没有恶心人的炮台，不会黑你炮台，满意了吧",
	"name":{"str":"叛变特工"},
	"looks_like": "mon_zombie_soldier",
	"description":"他曾经也是一名致力于维护秩序的国土战略局特工，不知什么原因选择了叛变并加入了黯牙。现在他生存的守则只有一个——冷酷无情的淘汰弱者",
	"default_faction":"military",
	"species":["HUMAN"],
	"diff":30,
	"volume":"75000ml",
    "weight": "81500 g",
	"hp":290,
	"speed":90,
	"material":["flesh"],
	"symbol":"@",
	"color":"white",
	"aggression":40,
	"morale":100,
	"melee_skill":8,
	"melee_dice":5,
	"melee_dice_sides":6,
	"melee_damage": [ { "damage_type": "bash", "amount": 5 } ],
	"dodge":5,
	"armor_bash":45,
	"armor_cut":45,
	"armor_bullet":37,
	"vision_day":40,
	"vision_night":12,
	"path_settings": {"max_dist": 20},
	"starting_ammo":{
		"300blk":3000,
		"bot_c4_hack": 1,
        "bot_flashbang_hack": 30,
        "bot_gasbomb_hack": 30,
        "bot_grenade_hack": 5
	},
	"special_attacks":[
	{
		"type":"gun",
		"cooldown":4,
		"gun_type":"acr_300blk",
		"ammo_type":"300blk",
		"fake_skills":[["rifle",5],["gun",5]],
		"ranges":[[2,5,"AUTO"],[6,27,"DEFAULT"]],
          "require_targeting_player": true,
          "require_targeting_npc": true,
          "require_targeting_monster": true,
          "targeting_cost": 100
	},
	["GRENADIER_ELITE",4],
	["BIO_OP_TAKEDOWN",10]
	],
	"death_drops":"last_man_battletion_rouge_agent",
	"harvest":"zombie",
	"regenerates": 5,
    "regen_morale": true,
    "flags":[
    "SEES",
    "HEARS",
    "SMELLS",
    "WARM",
    "CLIMBS",
    "PATH_AVOID_DANGER_1",
    "CAN_OPEN_DOORS",
    "PRIORITIZE_TARGETS"
 ]
}
]