[
  {
    "type": "item_group",
    "//":"步兵",
    "subtype": "collection",
    "id": "last_man_battletion_rifleman",
    "magazine": 100,
	"ammo": 100,
	"entries":[
	{
	"distribution":[{"group":"last_man_battletion_rifleman_clothing"}]
	},
	{
	"group":"last_man_battletion_rifleman_grenades",
	"count":[2,3]
	},
	{
	"group":"last_man_battletion_AR_ammo",
	"count":[3,4]
	},
		{"group":"last_man_battletion_food"},
		{"group":"last_man_battletion_rifleman_gear"},
		{"item":"Phoenix","count":[5,15]},
		{
			"item":"p416",
			"contents-group":"sopmod"
		}
]
  },
  {
    "type": "item_group",
      "//":"榴弹",
    "subtype": "collection",
    "id": "last_man_battletion_grenadier",
    "magazine": 100,
	"ammo": 100,
	"entries":[
	{
		"distribution":[
		{
			"group":"last_man_battletion_grenadier_clothing"
		}
		]
	},
    {
		"group":"last_man_battletion_mgl_ammo",
		"count":[
		1,
		9
		]
	},
	{
		"group":"last_man_battletion_food"
	},
	{
		"group":"last_man_battletion_rifleman_gear"
	},
	{"item":"Phoenix","count":[5,15]},
	{
		"item":"mgl",
		"contents-item":"shoulder_strap"
	}
	]
  },
  {
    "type": "item_group",
      "//":"斥候",
    "subtype": "collection",
    "id": "last_man_battletion_scout",
    "magazine": 100,
	"ammo": 100,
	"entries":[
	{
		"distribution":[
		{
			"group":"last_man_battletion_scout_clothing"
		}
		]
	},
	{
		"group":"last_man_battletion_scout_grenades",
		"count":[
		1,
		3
		]
	},
		{
			"group":"last_man_battletion_SMG_ammo",
			"count":[
			1,
			5
			]
		},
		{
			"group":"last_man_battletion_food"
		},
		{
			"group":"last_man_battletion_rifleman_gear"
		},
		{"item":"Phoenix","count":[5,15]},
	{
			"item":"hk_mp5",
			"contents-item":"shoulder_strap"
		}
	]
  },
  {
    "type": "item_group",
      "//":"突击兵",
    "subtype": "collection",
    "id": "last_man_battletion_assault",
    "magazine": 100,
	"ammo": 100,
	"entries":[
	{
		"distribution":[
		{
			"group":"last_man_battletion_assault_clothing"
		}
		]
	},
		{
			"group":"last_man_battletion_assault_grenades",
			"count":[
			1,
			3
			]
		},
		{
			"group":"last_man_battletion_SG_ammo",
			"count":[
			1,
			2
			]
		},
		{
			"group":"last_man_battletion_food"
		},
		{
			"group":"last_man_battletion_rifleman_gear"
		},{"item":"Phoenix","count":[5,15]},
	{
			"item":"saiga_12",
			"contents-item":"shoulder_strap"
		},
		{
			"item":"saiga10mag",
			"prob":90
		},
		
		{
			"item":"saiga30mag",
			"prob":10
		}
	]
  },
  {
    "type": "item_group",
      "//":"狙娘",
    "subtype": "collection",
    "id": "last_man_battletion_sniper",
    "magazine": 100,
	"ammo": 100,
	"entries":[
	{
		"distribution":[
		{
			"group":"last_man_battletion_sniper_clothing"
		}
		]
	},
		{
			"group":"last_man_battletion_RF_ammo",
			"count":[
			1,
			5
			]
		},
		{
			"group":"last_man_battletion_food"
		},
		{
			"group":"last_man_battletion_rifleman_gear"
		},{"item":"Phoenix","count":[5,15]},
		{
			"item":"srs",
			"contents-item":"shoulder_strap"
		}
	]
  },
  {
	"type": "item_group",
	  "//":"工程兵",
    "subtype": "collection",
    "id": "last_man_battletion_engineer",
    "magazine": 100,
	"ammo": 100,
	"entries":[
	{
		"distribution":[
		{
			"group":"last_man_battletion_engineer_clothing"
		}
		]
	},
		{
			"group":"last_man_battletion_SG_ammo",
			"count":[
			1,
			3
			]
		},
		{
			"group":"last_man_battletion_food"
		},
		{
			"group":"last_man_battletion_rifleman_gear"
		},
		{"item":"Phoenix","count":[5,15]},
	{
		"item":"remington_870_express",
		"contents-item":"shoulder_strap"
	}
	]
  },
  {
	"type": "item_group",
	  "//":"军医",
    "subtype": "collection",
    "id": "last_man_battletion_medic",
    "magazine": 100,
	"ammo": 100,
	"entries":[
	{
		"distribution":[
		{
			"group":"last_man_battletion_medic_clothing"
		}
		]
	},
			{
			"item":"augmag_30rd",
			"count":[
			1,
			5
			]
		},
		{
			"group":"last_man_battletion_food"
		},
		{
			"group":"last_man_battletion_medic_gear"
		},
		{"item":"Phoenix","count":[5,15]},
	{
			"item":"steyr_aug",
			"contents-group":"sopmod"
		}
	]
  },
  {
	"type": "item_group",
    "subtype": "collection",
      "//":"机枪哥",
    "id": "last_man_battletion_gunner",
    "magazine": 100,
	"ammo": 100,
	"entries":[
	{
		"distribution":[
		{
			"group":"last_man_battletion_gunner_clothing"
		}
		]
	},
		{
			"group":"last_man_battletion_MG_ammo",
			"count":[
			1,
			2
			]
		},
		{
			"group":"last_man_battletion_food"
		},
		{
			"group":"last_man_battletion_rifleman_gear"
		},
		{"item":"Phoenix","count":[5,15]},
	{
			"item":"m60e4",
			"contents-item":"shoulder_strap"
		}
	]
  },
  {
	"type": "item_group",
	  "//":"队长",
    "subtype": "collection",
    "id": "last_man_battletion_squad_leader",
    "magazine": 100,
	"ammo": 100,
	"entries":[
	{
		"distribution":[
		{
			"group":"last_man_battletion_squad_leader_clothing"
		}
		]
	},
		{
			"group":"last_man_battletion_squad_leader_grenades",
			"count":[
			1,
			3
			]
		},
		{
			"group":"last_man_battletion_AR_ammo",
			"count":[
			1,
			5
			]
		},
		{"item":"Phoenix","count":[5,15]},
		{
			"group":"last_man_battletion_food"
		},
		{
			"group":"last_man_battletion_squad_leader_gear"
		},
	{
			"item":"military_p416",
			"contents-group":"sopmod"
		}
	]
  },
  {
	"type": "item_group",
	  "//":"叛变特工",
    "subtype": "collection",
    "id": "last_man_battletion_rouge_agent",
    "magazine": 100,
	"ammo": 100,
	"entries":[
	{
		"distribution":[
		{
			"group":"last_man_battletion_rouge_agent_clothing"
		}
		]
	},
		{
			"group":"last_man_battletion_rouge_agent_grenades",
			"count":[
			1,
			3
			]
		},
		{
			"group":"last_man_battletion_AR_ammo",
			"count":[
			1,
			5
			]
		},
		{
			"group":"last_man_battletion_food"
		},
		{
			"group":"last_man_battletion_squad_leader_gear"
		},
		{"item":"Phoenix","count":[10,20]},
	{
			"item":"acr_300blk",
			"charges":[
			0,
			30
			],
			"contents-group":"sopmod"
		},
		{
			"group":"SHD_equipment",
			"prob":50
		}
	]
  },
  {
	"type": "item_group",
	  "//":"猎人",
    "subtype": "collection",
    "id": "last_man_battletion_agent_hunter",
    "magazine": 100,
	"ammo": 100,
	"entries":[
	{
		"distribution":[
		{
			"group":"last_man_battletion_agent_hunter_clothing"
		}
		]
	},
		{
			"group":"last_man_battletion_agent_hunter_grenades",
			"count":[
			1,
			5
			]
		},
		{
			"group":"last_man_battletion_agent_hunter_ammo",
			"count":[
			1,
			5
			]
		},
		{
			"group":"last_man_battletion_food"
		},
		{
			"group":"last_man_battletion_agent_hunter_gear"
		},
	{
			"item":"an94",
			"contents-group":"sopmod"
		},
		{"item":"Phoenix","count":[20,30]},
		{
			"group":"SHD_equipment",
			"prob":75
		}
	]
  },
  {
	"type": "item_group",
	  "//":"rpk16/任务猎人",
    "subtype": "collection",
    "id": "last_man_battletion_MISSION_agent_hunter",
    "magazine": 100,
	"ammo": 100,
	"entries":[
	{
		"distribution":[
		{
			"group":"last_man_battletion_agent_hunter_clothing"
		}
		]
	},
		{
			"group":"last_man_battletion_agent_hunter_grenades",
			"count":[
			1,
			5
			]
		},
		{
			"group":"last_man_battletion_agent_hunter_ammo",
			"count":[1,5]
			},
		{"group":"last_man_battletion_food"},
		{"group":"last_man_battletion_agent_hunter_gear"},
		{"item":"Phoenix","count":[20,30]},
		{"item":"rpk16",
		 "contents-group":"sopmod"
		},
		{"group":"SHD_equipment",
		 "prob":75
		},
		{"item":"agent_hunter_line"}
	]
  },
  {
    "type": "item_group",
      "//":"巡逻步兵",
    "subtype": "collection",
    "id": "last_man_battletion_new_rifleman",
    "magazine": 100,
	"ammo": 100,
	"entries":[
	{
	"distribution":[{"group":"last_man_battletion_new_rifleman_clothing"}]
	},
	{
	"group":"last_man_battletion_AR_ammo",
	"count":[1,2]
	},
		{"group":"last_man_battletion_food"},
		{"group":"last_man_battletion_rifleman_gear"},
		{"item":"Phoenix","count":[1,5]},
		{
			"item":"p416",
			"contents-item":"shoulder_strap"
		}
]
  }
  ]