[
{
    "type": "npc_class",
    "id": "JTF_need_office",
    "name": {
      "str": "JTF军需官"
    },
    "job_description": "Protects the town from assailants",
    "common": false,
    "bonus_str": {
      "rng": [
        -1,
        1
      ]
    },
    "bonus_dex": {
      "rng": [
        -2,
        2
      ]
    },
    "bonus_int": {
      "rng": [
        -2,
        2
      ]
    },
    "bonus_per": {
      "rng": [
        0,
        4
      ]
    },
    "worn_override": "JTF_soldier_worn",
    "carry_override": "JTF_soldier_carry",
    "weapon_override": "JTF_soldier_weapon",
    "skills": [
      {
        "skill": "ALL",
        "level": {
          "sum": [
            {
              "dice": [
                3,
                2
              ]
            },
            {
              "constant": -3
            }
          ]
        }
      },
      {
        "skill": "dodge",
        "bonus": {
          "rng": [
            1,
            2
          ]
        }
      },
      {
        "skill": "melee",
        "bonus": {
          "rng": [
            1,
            2
          ]
        }
      },
      {
        "skill": "unarmed",
        "bonus": {
          "rng": [
            1,
            2
          ]
        }
      },
      {
        "skill": "rifle",
        "bonus": {
          "rng": [
            3,
            6
          ]
        }
      },
      {
        "skill": "gun",
        "bonus": {
          "rng": [
            2,
            4
          ]
        }
      }
    ]
  }]