[
  {
  "//":"感谢调试员咖啡大佬所提供的制造配方",
    "result": "new_ai_module",
    "type": "recipe",
    "activity_level": "LIGHT_EXERCISE",
    "category": "CC_ELECTRONIC",
    "subcategory": "CSC_ELECTRONIC_COMPONENTS",
    "skill_used": "electronics",
    "difficulty": 6,
    "skills_required": [ [ "mechanics", 5 ], [ "computer", 5 ] ],
    "proficiencies": [ { "proficiency": "prof_welding_basic" } ],
    "time": "120000s",
    "autolearn": true,
    "reversible": false,
    "components": [ [ [ "ai_module", 1 ] ], [ [ "amplifier", 5 ] ], [ [ "cable", 40 ] ], [ [ "solder_wire", 50 ] ] ],
    "qualities": [ { "id": "HAMMER", "level": 3 }, { "id": "HAMMER_FINE", "level": 1 } ],
    "tools": [ [ [ "soldering_iron", 20 ] ] ]
  },
  {
    "result": "digi_wind_hkmg4",
    "type": "recipe",
    "activity_level": "LIGHT_EXERCISE",
    "category": "CC_ELECTRONIC",
    "subcategory": "CSC_ELECTRONIC_COMPONENTS",
    "skill_used": "electronics",
    "difficulty": 6,
    "skills_required": [ [ "mechanics", 5 ], [ "computer", 5 ] ],
    "proficiencies": [ { "proficiency": "prof_welding_basic" } ],
    "time": "120000s",
    "autolearn": true,
    "reversible": false,
    "components": [ [ [ "new_ai_module", 1 ] ], [ [ "hkmg4", 1 ] ] ],
    "qualities": [ { "id": "HAMMER", "level": 3 }, { "id": "HAMMER_FINE", "level": 1 } ]
  },
  {
    "result": "_digi_mind_sv98",
    "type": "recipe",
    "activity_level": "LIGHT_EXERCISE",
    "category": "CC_ELECTRONIC",
    "subcategory": "CSC_ELECTRONIC_COMPONENTS",
    "skill_used": "electronics",
    "difficulty": 6,
    "skills_required": [ [ "mechanics", 5 ], [ "computer", 5 ] ],
    "proficiencies": [ { "proficiency": "prof_welding_basic" } ],
    "time": "120000s",
    "autolearn": true,
    "reversible": false,
    "components": [ [ [ "new_ai_module", 1 ] ], [ [ "sv98", 1 ] ] ],
    "qualities": [ { "id": "HAMMER", "level": 3 }, { "id": "HAMMER_FINE", "level": 1 } ]
  },
  {
    "result": "digi_mind_hk416",
    "type": "recipe",
    "activity_level": "LIGHT_EXERCISE",
    "category": "CC_ELECTRONIC",
    "subcategory": "CSC_ELECTRONIC_COMPONENTS",
    "skill_used": "electronics",
    "difficulty": 6,
    "skills_required": [ [ "mechanics", 5 ], [ "computer", 5 ] ],
    "proficiencies": [ { "proficiency": "prof_welding_basic" } ],
    "time": "120000s",
    "autolearn": true,
    "reversible": false,
    "components": [ [ [ "new_ai_module", 1 ] ], [ [ "hk416d", 1 ] ] ],
    "qualities": [ { "id": "HAMMER", "level": 3 }, { "id": "HAMMER_FINE", "level": 1 } ]
  },
  {
    "result": "raider_exoskeleton",
    "type": "recipe",
    "activity_level": "LIGHT_EXERCISE",
    "category": "CC_ELECTRONIC",
    "subcategory": "CSC_ELECTRONIC_COMPONENTS",
    "skill_used": "electronics",
    "difficulty": 6,
    "skills_required": [ [ "mechanics", 5 ], [ "computer", 5 ] ],
    "proficiencies": [ { "proficiency": "prof_welding_basic" } ],
    "time": "120000s",
    "autolearn": true,
    "reversible": false,
    "components": [ [ [ "army_exoskeleton", 1 ] ], [ [ "raider_new", 1 ] ] ],
    "qualities": [ { "id": "HAMMER", "level": 3 }, { "id": "HAMMER_FINE", "level": 1 } ]
  }
]