[
  {
    "id": "ammo_can_ammo_pouch_762_54R_full",
    "type": "item_group",
    "subtype": "collection",
    "container-item": "ammunition_can_762R",
    "items": [ { "group": "ammo_pouch_762_54R", "count": 7 } ]
  },
  {
    "id": "ammo_can_ammo_pouch_762_54R_part",
    "type": "item_group",
    "subtype": "collection",
    "container-item": "ammunition_can_50",
    "items": [ { "group": "ammo_pouch_762_54R", "count": [ 1, 6 ] } ]
  },
  {
    "id": "ammo_pouch_762_54R",
    "type": "item_group",
    "//": "TODO: addd 1 stipper clip guide (aka 'spoon') for 223 in this group, when the game will be able to check his using",
    "subtype": "collection",
    "container-item": "cheap_ammo_pouch",
    "items": [ { "group": "box_762_54R_clips", "count": 4 } ]
  },
  {
    "id": "box_762_54R_clips",
    "type": "item_group",
    "container-item": "ammunition_box_223",
    "items": [ { "item": "762_54R", "count": 1 } ]
  }
]