[
{
    "id": "ammunition_can_762",
    "type": "GENERIC",
    "name": "M2A2俄制762弹药箱",
    "copy-from": "ammunition_can_30",
    "description": "一个标准的M2A2弹药箱，现在被装入了俄制的7.62弹药。",
    "weight": "2360 g",
    "volume": "8666 ml",
    "longest_side": "299 mm",
    "//": "<https://www.cleanammocans.com/new-50-cal-m2a1-usgi-ammo-can.html>",
    "//2": "External: 29.85 x 15.24 x 19.05 cm, Internal: 27.94 x 13.97 x 17.78 cm ",
    "flags": [ "COLLAPSE_CONTENTS" ],
    "price": 1999,
    "pocket_data": [
      {
        "pocket_type": "CONTAINER",
        "rigid": true,
        "watertight": true,
        "max_contains_volume": "6940 ml",
        "max_contains_weight": "80 kg",
        "max_item_length": "279 mm"
      }
    ]
  },
  {
    "id": "ammunition_can_762R",
    "type": "GENERIC",
    "name": "M2A2俄制762×54弹药箱",
    "copy-from": "ammunition_can_30",
    "description": "一个标准的M2A2弹药箱，现在被装入了俄制的7.62×54弹药。",
    "weight": "2360 g",
    "volume": "8666 ml",
    "longest_side": "299 mm",
    "//": "<https://www.cleanammocans.com/new-50-cal-m2a1-usgi-ammo-can.html>",
    "//2": "External: 29.85 x 15.24 x 19.05 cm, Internal: 27.94 x 13.97 x 17.78 cm ",
    "flags": [ "COLLAPSE_CONTENTS" ],
    "price": 1999,
    "pocket_data": [
      {
        "pocket_type": "CONTAINER",
        "rigid": true,
        "watertight": true,
        "max_contains_volume": "6940 ml",
        "max_contains_weight": "80 kg",
        "max_item_length": "279 mm"
      }
    ]
  },
  {
    "id": "ammunition_can_545",
    "type": "GENERIC",
    "name": "M2A2俄制545弹药箱",
    "copy-from": "ammunition_can_30",
    "description": "一个标准的M2A2弹药箱，现在被装入了俄制的5.45×45弹药。",
    "weight": "2360 g",
    "volume": "8666 ml",
    "longest_side": "299 mm",
    "//": "<https://www.cleanammocans.com/new-50-cal-m2a1-usgi-ammo-can.html>",
    "//2": "External: 29.85 x 15.24 x 19.05 cm, Internal: 27.94 x 13.97 x 17.78 cm ",
    "flags": [ "COLLAPSE_CONTENTS" ],
    "price": 1999,
    "pocket_data": [
      {
        "pocket_type": "CONTAINER",
        "rigid": true,
        "watertight": true,
        "max_contains_volume": "6940 ml",
        "max_contains_weight": "80 kg",
        "max_item_length": "279 mm"
      }
    ]
  }
]