[
{
    "type": "npc_class",
    "id": "russia_merchant",
    "name": {
      "str": "俄国商人"
    },
    "job_description": "正在售卖他的武器弹药。",
    "common": false,
    "bonus_str": {
      "rng": [
        1,
        1
      ]
    },
    "bonus_dex": {
      "rng": [
        2,
        2
      ]
    },
    "bonus_int": {
      "rng": [
        2,
        2
      ]
    },
    "bonus_per": {
      "rng": [
        2,
        4
      ]
    },
    "shopkeeper_item_group": "russia_merchant",
    "worn_override": "russia_merchant_worn",
    "carry_override": "russia_merchant_carry",
    "weapon_override": "russia_merchant_weapon",
    "skills": [
      {
        "skill": "ALL",
        "level": {
          "sum": [
            {
              "dice": [
                3,
                2
              ]
            },
            {
              "constant": -3
            }
          ]
        }
      },
      {
        "skill": "dodge",
        "bonus": {
          "rng": [
            1,
            2
          ]
        }
      },
      {
        "skill": "melee",
        "bonus": {
          "rng": [
            1,
            2
          ]
        }
      },
      {
        "skill": "unarmed",
        "bonus": {
          "rng": [
            1,
            2
          ]
        }
      },
      {
        "skill": "rifle",
        "bonus": {
          "rng": [
            3,
            6
          ]
        }
      },
      {
        "skill": "gun",
        "bonus": {
          "rng": [
            2,
            4
          ]
        }
      }
    ]
  },
  {
	"type":"item_group",
	"id":"russia_merchant_worn",
	"subtype":"collection",
	"items":[
	{
		"group":"clothing_military"
	},
	{
		"item":"elbow_pads"
	},
	{
		"item":"knee_pads"
	},
	{
		"item":"helmet_army"
	},
	{
		"item":"gloves_tactical"
	},
	{ "group": "military_ballistic_vest"},
	{
		"item":"molle_pack"
	},
	{
		"group":"clothing_tactical_leg"
	},
	{
			"item":"goggles_nv",
			"charges":[
			0,
			100
			]
	},
	{
		"group":"clothing_watch"
	},
	{
		"item":"mask_gas",
		"charges":[
		1,
		100
		]
	}
	]
},
  {
    "type": "item_group",
    "id": "russia_merchant_carry",
    "subtype": "collection",
     "magazine": 100,
    "ammo": 100,
    "entries": [
      {
            "item": "casket74mag",
            "ammo-item": "545_ap",
            "count": 4
      }
    ]
  },
  {
    "type": "item_group",
    "id": "russia_merchant_weapon",
    "subtype": "collection",
    "magazine": 100,
    "ammo": 100,
    "entries": [
      {
            "item": "ak74",
            "ammo-item": "545_ap",
            "contents-item": [
              "shoulder_strap",
              "grip",
              "holo_sight"
            ]
      }
    ]
  }
  ]