[
  {
    "type": "mapgen",
    "method": "json",
    "om_terrain": [ "bunker_LMB" ],
    "object": {
      "rows": [
        "                        ",
        " -----------------------",
        " |                     |",
        " |                     |",
        " |                     |",
        " |                     |",
        " |                     |",
        " |     MMMMMMMMMM      |",
        " |     MMMMMMMMMM      |",
        " |     MMMM>>MMMM      |",
        " |     MM,,,,,,MM      |",
        " |     MMMM,,MMMM      |",
        " |     MM,,,,,,MM      |",
        " //*/  MMMM,,MMMM   /*//",
        " I#,/  MM,,,,,,MM   /,#I",
        " I00/  MMMMDDMMMM   /00I",
        " |     MMMM  6MMM      |",
        " +                     +",
        " +                     +",
        " +                     +",
        " +                     +",
        " +                     +",
        " +-------++++++--------+",
        "                        "
      ],
      "terrain": {
        " ": [ "t_grass", "t_grass", "t_grass", "t_dirt" ],
        "#": "t_floor",
        "*": "t_door_c",
        "+": "t_chaingate_l",
        ",": "t_floor",
        "-": "t_chainfence_h",
        "/": "t_concrete_wall",
        "0": "t_window",
        "6": "t_card_military",
        ">": "t_stairs_down",
        "D": "t_door_metal_locked",
        "I": "t_ballistic_glass",
        "M": "t_wall_metal",
        "|": "t_chainfence_v"
      },
      "furniture": { "#": "f_table" },
      "place_monster": [
        { "monster": "LMB_Rifleman", "x": 4, "y": 3 },
        { "monster": "LMB_Rifleman", "x": 5, "y": 3 },
	  { "monster": "LMB_Rifleman", "x": 21, "y": 5 },
	{ "monster": "LMB_Rifleman", "x": 22, "y": 5 },
        { "monster": "LMB_Grenadier", "x": 5, "y": 6 },
        { "monster": "LMB_Grenadier", "x": 20, "y": 6 },
        { "monster": "LMB_Sniper", "x": 3, "y": 15 },
        { "monster": "LMB_Sniper", "x": 22, "y": 15 },
		{ "monster": "LMB_Engineer", "x": 11, "y": 17},
		{ "monster": "LMB_Engineer", "x": 12, "y": 17},
		{ "monster": "LMB_Gunner", "x": 5, "y": 21 },
		{ "monster": "LMB_Gunner", "x": 21, "y": 20 },
		{ "monster": "LMB_squad_leader", "x": 6, "y":19  },
		{ "monster": "LMB_squad_leader", "x": 19, "y":5  },
		{ "monster": "Rouge_agent_Velociraptor", "x": 12, "y":21  }
      ]
    }
  },
  {
    "type": "mapgen",
    "method": "json",
    "om_terrain": [ "bunker_basement_LMB" ],
    "weight": 1000,
    "object": {
      "rows": [
        "########################",
        "#MMMMMMMMMMMMMMMMMMMMMM#",
        "#Mrrrrrrr6    6rrrrrrrM#",
        "#M       +    +       M#",
        "#M       |    |       M#",
        "#M       |    |       M#",
        "#M       |    |       M#",
        "#MrrrrrrrM    MrrrrrrrM#",
        "#MMMMMMMMM    MMMMMMMMM#",
        "#Mrrrrrrr6    6rrrrrrrM#",
        "#M       +    +       M#",
        "#M       |    |       M#",
        "#M       |    |       M#",
        "#M       |    |       M#",
        "#MrrrrrrrM    MrrrrrrrM#",
        "#MMMMMMMMM    MMMMMMMMM#",
        "#Mrrrrrrr6    6rrrrrrrM#",
        "#M       +    +       M#",
        "#M       |    |       M#",
        "#M       |    |       M#",
        "#M       |    |       M#",
        "#MrrrrrrrM << MrrrrrrrM#",
        "#MMMMMMMMMMMMMMMMMMMMMM#",
        "########################"
      ],
      "terrain": {
        " ": "t_floor",
        "r": "t_floor",
        "#": "t_soil",
        "+": "t_door_metal_locked",
        "6": "t_card_military",
        "<": "t_stairs_up",
        "M": "t_wall_metal",
        "|": "t_ballistic_glass"
      },
      "furniture": { "r": "f_rack" },
      "items": { "r": { "item": "bunker_basement_loot", "chance": 70, "repeat": [ 4, 8 ] } }
    }
  },
  {
    "type": "mapgen",
    "method": "json",
    "om_terrain": [ "bunker_basement_LMB" ],
    "weight": 250,
    "object": {
      "fill_ter": "t_floor",
      "rows": [
        "########################",
        "#MMMMMMMMMMMMMMMMMMMMMM#",
        "#Ms  6 {{M3 5M ?A2MbCbM#",
        "#Ms ct   ^   +    /   M#",
        "#Mt     2M   MCCCgMbCbM#",
        "#MMMMMMMMM   MMMMMMMMMM#",
        "#MrrrrrrrM   2Mb  23 bM#",
        "#M       +    Ml     lM#",
        "#MLLLLLLLM5   *      bM#",
        "#MMMMMMMMMM   Mb     lM#",
        "#Mc t t t2M   Ml     bM#",
        "#Mt c c cWM   Mlb bl lM#",
        "#Mc       *   MMMMMMMMM#",
        "#MMMM*MMMMM   M}   2 %M#",
        "#M2      TM   *       M#",
        "#MSBOCCfCCM   MYsssY{{M#",
        "#MMMMMMMMMM ~ MMMMMMMMM#",
        "#ML *             *  SM#",
        "#MMMMM^MMMMM+MMM*MM2 SM#",
        "#Ms Mr cd|   5M   M   M#",
        "#Ms Mr cd|    M*M*M*M*M#",
        "#Mt *   2M << M1M1M&M&M#",
        "#MMMMMMMMMMMMMMMMMMMMMM#",
        "########################"
      ],
      "palettes": [ "basement_bunker" ],
      "furniture": {
        "r": "f_rack",
        "f": "f_fridge",
        "s": "f_sofa",
        "t": "f_table",
        "d": "f_desk",
        "c": "f_chair",
        "b": "f_bunkbed",
        "1": "f_shower",
        "S": "f_sink",
        "O": "f_oven",
        "C": "f_counter",
        "T": "f_trashcan",
        "B": "f_cupboard",
        "l": "f_locker",
        "L": "f_locker",
        "Y": "f_table",
        "A": "f_autodoc",
        "?": "f_autodoc_couch",
        "g": "f_glass_fridge",
        "{": "f_bookcase",
        "}": "f_pinball_machine",
        "%": "f_floor_canvas",
        "2": "f_air_conditioner",
        "3": "f_speaker_cabinet"
      },
      "items": {
        "b": { "item": "bed", "chance": 60 },
        "{": { "item": "bunker_basement_books", "chance": 70 },
        "T": { "item": "trash_cart", "chance": 50 },
        "l": { "item": "bunker_basement_clothing", "chance": 50 },
        "t": { "item": "dining", "chance": 45 },
        "A": { "item": "autodoc_supplies", "chance": 100 }
      },
      "place_fields": [ { "field": "fd_blood", "x": 2, "y": 3 }, { "field": "fd_blood", "x": 3, "y": 3 } ],
      "place_loot": [
        { "group": "surgery", "x": [ 14, 16 ], "y": 4, "chance": 70, "repeat": [ 3, 6 ] },
        { "group": "bunker_basement_drugs", "x": [ 14, 16 ], "y": 4, "chance": 80, "repeat": [ 3, 6 ] },
        { "group": "mags_milspec", "x": [ 2, 6 ], "y": 8, "chance": 100, "repeat": [ 3, 8 ] },
        { "group": "ammo_milspec", "x": [ 2, 6 ], "y": 8, "chance": 100, "repeat": [ 60, 250 ] },
        { "group": "grenades", "x": [ 2, 6 ], "y": 8, "chance": 100, "repeat": [ 5, 25 ] },
        { "group": "mil_hw", "x": [ 7, 8 ], "y": 8, "chance": 100, "repeat": [ 20, 40 ] },
        { "group": "mil_armor", "x": [ 7, 8 ], "y": 6, "chance": 65, "repeat": [ 1, 5 ] },
        { "group": "guns_rifle_milspec", "x": [ 2, 6 ], "y": 6, "chance": 80, "repeat": [ 1, 5 ] },
        { "group": "guns_rifle_milspec", "x": 5, "y": [ 19, 20 ], "chance": 80, "repeat": [ 1, 5 ] },
        { "group": "guns_launcher_milspec", "x": [ 2, 6 ], "y": 6, "chance": 80, "repeat": [ 1, 5 ] },
        { "group": "gear_soldier_sidearm", "x": [ 2, 6 ], "y": 6, "chance": 90, "repeat": [ 1, 5 ] },
        { "group": "fridge", "x": 7, "y": 15, "chance": 70, "repeat": 5 },
        { "group": "bunker_basement_food", "x": [ 5, 6 ], "y": 15, "chance": 75, "repeat": [ 4, 10 ] },
        { "group": "dining", "x": [ 8, 9 ], "y": 15, "chance": 75, "repeat": [ 1, 6 ] },
        { "group": "oven", "x": 4, "y": 15, "chance": 70 },
        { "group": "cleaning", "x": 2, "y": 17, "chance": 70 },
        { "group": "bionics_mil", "x": 16, "y": 4, "chance": 65 },
        { "group": "bunker_basement_suicide", "x": 3, "y": 3 },
        { "item": "mess_tray", "x": [ 5, 6 ], "y": 15, "chance": 50, "repeat": [ 4, 5 ] },
        { "item": "whiskey", "x": 5, "y": 3 },
        { "item": "glass", "x": 5, "y": 3 },
        { "item": "militarymap", "x": 5, "y": 3 },
        { "item": "anesthetic_kit", "x": 17, "y": 4, "ammo": 100 },
        { "item": "television", "x": 17, "y": 13, "chance": 95 },
        { "item": "stereo", "x": 19, "y": 15, "chance": 80 }
      ],
      "monster": { "~": { "monster": "mon_turret_rifle" } }
    }
  },
  {
    "id": "bunker_basement_loot",
    "type": "item_group",
    "subtype": "distribution",
    "ammo": 100,
    "entries": [
      { "group": "bots", "prob": 1 },
      { "group": "guns_launcher_milspec", "prob": 1 },
      { "group": "guns_rifle_milspec", "prob": 2 },
      { "group": "energy_weapon_armory", "prob": 1 },
      { "group": "mags_milspec", "prob": 1 },
      { "group": "ammo_milspec", "prob": 120 },
      { "group": "grenades", "prob": 30 },
      { "group": "mil_armor", "prob": 1 },
      { "group": "mil_hw", "prob": 30 },
      { "group": "mil_food", "prob": 5 },
      { "group": "bionics_mil", "prob": 1 }
    ]
  },
  {
    "type": "item_group",
    "id": "bunker_basement_books",
    "items": [
      { "group": "book_military", "prob": 50 },
      { "group": "book_survival", "prob": 50 },
      { "group": "magazines", "prob": 80 }
    ]
  },
  {
    "type": "item_group",
    "id": "bunker_basement_drugs",
    "items": [ { "group": "drugs_pharmacy", "prob": 70 }, { "group": "drugs_soldier", "prob": 50 } ]
  },
  {
    "type": "item_group",
    "id": "bunker_basement_food",
    "items": [ { "group": "cannedfood", "prob": 80 }, { "group": "pasta", "prob": 50 } ]
  },
  {
    "type": "item_group",
    "id": "bunker_basement_suicide",
    "subtype": "collection",
    "items": [
      { "item": "m1911", "charges": 6, "ammo-item": "45_acp" },
      { "item": "45_casing", "charges-min": 1, "charges-max": 1 },
      { "group": "underwear" },
      { "item": "corpse" }
    ]
  },
  {
    "id": "bunker_basement_clothing",
    "type": "item_group",
    "items": [
      { "group": "clothing_soldier_shirt", "prob": 20 },
      { "item": "jacket_army", "prob": 20 },
      { "item": "pants_army", "prob": 20 },
      { "item": "boots_combat", "prob": 20 },
      { "item": "helmet_army", "prob": 20 },
      { "item": "gloves_tactical", "prob": 10 },
      { "item": "elbow_pads", "prob": 10 },
      { "group": "clothing_tactical_leg", "prob": 15 },
      { "group": "clothing_tactical_torso", "prob": 15 },
      { "group": "underwear" },
      { "distribution": [ { "item": "socks", "prob": 95 }, { "item": "socks_wool", "prob": 5 } ] },
      {
        "distribution": [
          { "group": "clothing_glasses", "prob": 60 },
          { "item": "glasses_bal", "prob": 30 },
          { "item": "goggles_nv", "prob": 5 },
          { "item": "goggles_ir", "prob": 5 }
        ],
        "prob": 20
      },
      { "group": "clothing_watch", "prob": 5 }
    ]
  },
  {
    "type": "mapgen",
    "method": "json",
    "om_terrain": [ "outpost_LMB" ],
    "weight": 100,
    "object": {
      "rows": [
        "|----------++----------|",
        "|x                    x|",
        "|   //////    /////    |",
        "|   /b.lb//;///&/&/    |",
        "|   /l......lb/*/*/    |",
        "|   /l........*.../    |",
        "|   /b.lblb.lb/T.S/    |",
        "|   ///////=///////    |",
        "|      /CCC.LLLLLL/    |",
        "|      /C........L/    |",
        "|      /C........L/    |",
        "+      ;..........;    +",
        "+      /CCCCCC.CCC/    +",
        "|  ///////////=////    |",
        "|  /p../111/.....X/    |",
        "|  /...;...;.....X/    |",
        "|  /!!!/////.....X/    |",
        "|  /////rrr/....ct/    |",
        "|      /r../....ct/    |",
        "|      /r..=....ct/    |",
        "|      /////;//////    |",
        "|                      |",
        "|x                    x|",
        "|----------++----------|"
      ],
      "fill_ter": "t_thconc_floor",
      "terrain": {
        " ": "t_region_groundcover",
        "x": "t_region_groundcover",
        "-": "t_chainfence",
        "|": "t_chainfence",
        "/": "t_concrete_wall",
        "+": "t_chaingate_l",
        "*": "t_door_c",
        "=": "t_door_locked",
        ";": "t_door_metal_c"
      },
      "furniture": {
        "t": "f_table",
        "r": "f_rack",
        "c": "f_chair",
        "C": "f_counter",
        "X": "f_counter",
        "S": "f_sink",
        "1": "f_locker",
        "!": "f_locker",
        "l": "f_locker",
        "L": "f_locker",
        "b": "f_bunkbed",
        "T": "f_trashcan",
        "p": "f_compact_ASRG_containment"
      },
      "items": {
        "b": { "item": "army_bed", "chance": 60 },
        "r": { "item": "mil_food", "chance": 60 },
        "t": { "item": "dining", "chance": 45 },
        "1": { "item": "cleaning", "chance": 70 },
        "!": { "item": "hardware_plumbing", "chance": 70 },
        "L": [
          { "item": "guns_rifle_milspec", "chance": 90 },
          { "item": "energy_weapon_armory", "chance": 50 },
          { "item": "ammo_milspec", "chance": 100, "repeat": [ 15, 45 ] },
          { "item": "grenades", "chance": 100, "repeat": [ 2, 8 ] },
          { "item": "guns_launcher_milspec", "chance": 80 },
          { "item": "mags_milspec", "chance": 100, "repeat": [ 1, 3 ] }
        ],
        "X": { "item": "oven", "chance": 70 },
        "C": { "item": "mil_armor", "chance": 40 },
        "T": { "item": "trash_cart", "chance": 50 },
        "l": { "item": "bunker_basement_clothing", "chance": 40 }
      },
      "mapping": { " ": { "item": [ { "item": "corpse", "chance": 2 } ] } },
      "toilets": { "&": {  } },
      "place_monster": [
        { "monster": "mon_turret_searchlight", "x": 1, "y": 1 },{ "monster": "mon_turret_searchlight", "x": 22, "y": 22 },{ "monster": "mon_turret_searchlight", "x": 1, "y": 22 }, { "monster": "mon_turret_searchlight", "x": 22, "y": 1 },
	    { "monster": "LMB_Rifleman", "x":11 , "y": 2 },{ "monster": "LMB_Rifleman", "x":12 , "y": 2 },
		{ "monster": "LMB_Rifleman", "x": 11, "y": 22},{ "monster": "LMB_Rifleman", "x": 12, "y": 22},
		{ "monster": "LMB_Grenadier", "x": 1, "y": 12 },{ "monster": "LMB_Grenadier", "x": 22, "y": 13 },
		{ "monster": "LMB_Sniper", "x": 5, "y": 7},{ "monster": "LMB_Sniper", "x": 6, "y": 7},
		{ "monster": "LMB_Medic", "x": 13, "y": 13},{ "monster": "LMB_Medic", "x": 14, "y": 13},
		{ "monster": "LMB_Gunner", "x": 13, "y": 16 },{ "monster": "LMB_squad_leader", "x": 12, "y": 8 },
		{ "monster": "Rouge_agent_scarecrow", "x": 9, "y": 10 },{ "monster": "LMB_Assault", "x": 13, "y": 10,"chance":3 }
      ]
    }
  },
  {
    "type": "mapgen",
    "method": "json",
    "om_terrain": [ "outpost_cross_LMB" ],
    "weight": 100,
    "object": {
      "rows": [
        "|----------++----------|",
        "|x         xx         x|",
        "|                      |",
        "|     /////;//////     |",
        "|     /b.....bllb/     |",
        "|     /l.dc....../     |",
        "|     /l.....bllb/     |",
        "|     /b........./     |",
        "|  //////*/../*/*////  |",
        "|  /L...../TS/&/&/11/  |",
        "|  /L...C/////////../  |",
        "+x ;....C/...!/rrr..; x+",
        "+x /....C/p..!/r..../ x+",
        "|  /L...C///;//r...r/  |",
        "|  /LLL....*.....rrr/  |",
        "|  //////*////*//////  |",
        "|     /T........f/     |",
        "|     /tc.......X/     |",
        "|     /tc.......X/     |",
        "|     /tc.......X/     |",
        "|     /////;//////     |",
        "|                      |",
        "|x         xx         x|",
        "|----------++----------|"
      ],
      "fill_ter": "t_thconc_floor",
      "terrain": {
        " ": "t_region_groundcover",
        "x": "t_region_groundcover",
        "-": "t_chainfence",
        "|": "t_chainfence",
        "/": "t_concrete_wall",
        "+": "t_chaingate_l",
        "*": "t_door_c",
        "=": "t_door_locked",
        ";": "t_door_metal_c"
      },
      "furniture": {
        "t": "f_table",
        "r": "f_rack",
        "c": "f_chair",
        "C": "f_counter",
        "X": "f_counter",
        "S": "f_sink",
        "1": "f_locker",
        "!": "f_locker",
        "l": "f_locker",
        "L": "f_locker",
        "b": "f_bunkbed",
        "d": "f_desk",
        "f": "f_fridge",
        "T": "f_trashcan",
        "p": "f_compact_ASRG_containment"
      },
      "items": {
        "b": { "item": "army_bed", "chance": 90 },
        "d": { "item": "office", "chance": 85 },
        "f": { "item": "SUS_fridge_breakroom", "chance": 70 },
        "r": { "item": "mil_food", "chance": 90 },
        "t": { "item": "dining", "chance": 90 },
        "1": { "item": "cleaning", "chance": 95 },
        "!": { "item": "hardware_plumbing", "chance": 95 },
        "L": [
          { "item": "guns_rifle_milspec", "chance": 95 },
          { "item": "energy_weapon_armory", "chance": 80 },
          { "item": "ammo_milspec", "chance": 100, "repeat": [ 30, 45 ] },
          { "item": "grenades", "chance": 100, "repeat": [ 6, 10 ] },
          { "item": "guns_launcher_milspec", "chance": 80 },
          { "item": "mags_milspec", "chance": 100, "repeat": [ 4, 10 ] }
        ],
        "X": { "item": "oven", "chance": 90 },
        "C": { "item": "mil_armor", "chance": 70 },
        "T": { "item": "trash_cart", "chance": 80 },
        "l": { "item": "bunker_basement_clothing", "chance": 90 }
      },
      "mapping": { " ": { "item": [ { "item": "corpse", "chance": 2 } ] } },
      "toilets": { "&": {  } },
      "place_monster": [
        { "monster": "mon_turret_searchlight", "x": 1, "y": 1 },{ "monster": "mon_turret_searchlight", "x": 22, "y": 22 },{ "monster": "mon_turret_searchlight", "x": 1, "y": 22 },{ "monster": "mon_turret_searchlight", "x": 22, "y":1 },
		{ "monster": "LMB_Rifleman", "x":11, "y": 1},{"monster": "LMB_Rifleman", "x":12, "y": 1},
		{ "monster": "LMB_Rifleman", "x": 11, "y": 22},{ "monster": "LMB_Rifleman", "x": 12, "y": 22},
		{ "monster": "LMB_Grenadier", "x": 1, "y": 12 },{ "monster": "LMB_Grenadier", "x": 22, "y": 13 },{ "monster": "LMB_Grenadier", "x": 6, "y": 6 },{ "monster": "LMB_Grenadier", "x": 22, "y": 13 },
		{ "monster": "LMB_Engineer", "x": 12, "y": 5},{ "monster": "LMB_Engineer", "x": 13, "y": 5},{ "monster": "LMB_Engineer", "x": 14, "y": 5},
		{ "monster": "LMB_Medic", "x": 17, "y": 13},{ "monster": "LMB_Medic", "x": 18, "y": 13},
		{ "monster": "LMB_squad_leader", "x": 11, "y": 19}, { "monster": "Rouge_agent_scarecrow", "x": 11, "y": 21 }
      ]
    }
  },
  {
    "method": "json",
    "om_terrain": [ [ "helipad_nw_LMB", "helipad_ne_LMB" ], [ "helipad_sw_LMB", "helipad_se_LMB" ] ],
    "type": "mapgen",
    "weight": 500,
    "object": {
      "fill_ter": "t_floor",
      "rows": [
        "FFF.......pppppppp...........................FFF",
        "FTFFWWWWWF!!!!!!!!FFFFFFFFFFFFFFFFFFFFFFFFFFFFTF",
        "FFG.W4ddw.pppppppp...........................GFF",
        ".F..W-c?w.pppppppp...|||||||||||||||||||||||..F.",
        ".F..WmWWW.pppppppp...|%_____________C__B___|..F.",
        ".F..pppppppppppppppppM___C_________C_CC_B__|..F.",
        ".F..pppppppppppppppppM____________CCCCC____|..F.",
        ".F..pppppppppppppppppM_B__C___B__B___C_B___|..F.",
        ".F..pppppyppppyppppppM________*_________B__|..F.",
        ".F..pppppyppppyppppppM__B___C___B__C__B____|..F.",
        ".F..pppppyppppyppp...|____C___B____________|..F.",
        ".F..pppppyppppypppooom___________B______%__|..F.",
        ".F..pppppyppppyppp...||||||||m|MMMMMMMMM||||..F.",
        ".F..pppppyppppyppp...|_rrrr|____________%__|..F.",
        ".F..oooooooooooooo...|_____|_______________|..F.",
        ".F..............oo...|_rrrr|___IIIIIIIII_RR|..F.",
        ".F..WwWWwWwwWwwW++WwW|M|||||___IUUUUUUUI_sR|..F.",
        ".F..W----+-----+-----m_____m___IUUUUUUUI_75|..F.",
        ".F..W-?ddWdc--dW--WWW|||||||___IUUUUUUUI___|..F.",
        ".F..Wz-cfWd?f?dW--W&W|_____m___IUUUUUUUI_RR|..F.",
        ".F..WWWWWWWWWWWWz-+-W|ggggg|___IUUUUUUUI_sR|..F.",
        ".F..W[[[HH##O#SW--WSW|||||||___IUUUUUUUI_85|..F.",
        ".F..W----------+--WWW|lllll|___IUUUUUUUI___|..F.",
        ".F..W-cttc---1WW--+-W|_____M___IUUUUUUUI___|..F.",
        ".F..W-cttc-z-2W<--WhW|lllll|___IUUUUUUUI%__|..F.",
        ".F..WWwwwWwwwWWW++WWW||||||||m|MMMMMMMMM||||..F.",
        ".F.......3P.....oo...........o.=========6666..F.",
        ".F..========================================..F.",
        ".F..========================================..F.",
        ".F..========================================..F.",
        ".F..========================================..F.",
        ".F...o,,,,,o..o,,,,,,,,,,,,,,,,,,o..o,,,,,o...F.",
        ".F...o=====o..o==================o..o=====o...F.",
        ".F..$=========o$==,,========,,===o$=========..F.",
        ".F..==========o===,,========,,===o==========..F.",
        ".F..=,=====,==o===,,========,,===o=,=====,==..F.",
        ".F..=,=====,==o===,,========,,===o=,=====,==..F.",
        ".F..=,=====,==o===,,,,,,,,,,,,===o=,=====,==..F.",
        ".F..=,,,,,,,==o===,,,,,,,,,,,,===o=,,,,,,,==..F.",
        ".F..=,,,,,,,==o===,,========,,===o=,,,,,,,==..F.",
        ".F..=,=====,==o===,,========,,===o=,=====,==..F.",
        ".F..=,=====,==o===,,========,,===o=,=====,==..F.",
        ".F..=,=====,==o===,,========,,===o=,=====,==..F.",
        ".F..==========o==================o==========..F.",
        ".F..==========o==================o==========..F.",
        "FFG..........................................GFF",
        "FTFFFFFFFFFFFFFFFFFFFFFFFFFFFFFFFFFFFFFFFFFFFFTF",
        "FFF..........................................FFF"
      ],
      "palettes": [ "helipad_palette" ],
      "toilets": { "&": {  } },
      "gaspumps": { "$": { "fuel": "jp8", "amount": [ 200000, 1000000 ] } },
      "items": {
        "B": {
          "item": {
            "subtype": "distribution",
            "entries": [ { "group": "fuel_barrel", "prob": 20 }, { "group": "jp8_barrel", "prob": 40 }, { "item": "30gal_drum", "prob": 40 } ]
          },
          "chance": 75
        },
        "C": {
          "item": {
            "subtype": "distribution",
            "entries": [
              { "group": "MRE", "prob": 50, "count": [ 7, 9 ] },
              { "group": "infantry_common_gear", "prob": 5, "count": [ 1, 2 ] },
              { "group": "mil_food", "prob": 40, "count": [ 1, 5 ] },
              { "group": "infantry_medical_gear", "prob": 5, "count": [ 1, 2 ] },
              { "group": "supplies_metal", "prob": 150, "count": [ 2, 6 ] },
              { "group": "supplies_mechanics", "prob": 50, "count": [ 0, 3 ] },
			  { "group": "military", "prob":30, "count": [ 1, 5 ] },
			  { "group": "LMB_military_gun", "prob":50, "count": [ 1,5 ] },
			  { "group": "mil_armor", "prob":30, "count": [ 1,5 ] },
			  { "group": "mil_base_books", "prob":30, "count": [ 1,3 ] },
			  { "group": "mil_food_nodrugs", "prob":30, "count": [ 4,10 ] }
            ]
          }
        },
        "r": {
          "item": {
            "subtype": "distribution",
            "entries": [ { "group": "military_standard_assault_rifles", "prob": 45 }, { "group": "military_standard_shotguns", "prob": 5 } ]
          },
          "chance": 10
        },
        "l": {
          "item": {
            "subtype": "distribution",
            "entries": [
              { "group": "army_personal_locker", "prob": 150 },
              { "group": "military_patrol_food", "prob": 50 },
              { "group": "supplies_plumbing", "prob": 20 },
              { "group": "supplies_electronics", "prob": 20 },
              { "group": "supplies_metal", "prob": 20 },
              { "group": "supplies_mechanics", "prob": 20 },
              { "group": "hardware", "prob": 20 }
            ]
          },
          "chance": 50,
          "repeat": [ 2, 6 ]
        },
        "L": { "item": "army_personal_locker", "chance": 50, "repeat": [ 0, 4 ] },
        "d": { "item": "SUS_office_desk", "chance": 50 },
        "f": { "item": "SUS_office_filing_cabinet", "chance": 90 },
        "4": { "item": "military_standard_shotguns", "chance": 50 },
        "#": { "item": "SUS_utensils", "chance": 25, "repeat": [ 1, 3 ] },
        "t": { "item": "SUS_dishes", "chance": 50, "repeat": [ 1, 2 ] },
        "[": { "item": "SUS_fridge", "chance": 50 },
        "O": { "item": "SUS_oven", "chance": 75, "repeat": [ 0, 2 ] },
        "H": { "item": "SUS_spice_collection", "chance": 75 },
        "&": { "item": "SUS_toilet", "chance": 50 }
      },
      "vendingmachines": { "1": { "item_group": "vending_drink", "lootable": true }, "2": { "item_group": "vending_food", "lootable": true } },
      "place_monster": [ 
      { "monster": "LMB_Rifleman", "x": 14, "y": 3 },
      { "monster": "LMB_Rifleman", "x": 15, "y": 3 },
	 { "monster": "LMB_Rifleman", "x": 7, "y": 8 },
	 { "monster": "LMB_Rifleman", "x": 8, "y": 8 },
	 { "monster": "LMB_Rifleman", "x": 6, "y": 43 },
	 { "monster": "LMB_Rifleman", "x": 7, "y": 43 },
	{ "monster": "LMB_Rifleman", "x":40 , "y": 40}, 
	{ "monster": "LMB_Rifleman", "x":41 , "y": 40},
     { "monster": "LMB_scout", "x": 5, "y": 12 },
     { "monster": "LMB_scout", "x": 6, "y": 12 },
     { "monster": "LMB_scout", "x": 7, "y": 12 },
	{ "monster": "LMB_scout", "x": 42, "y": 12},
	{ "monster": "LMB_scout", "x": 43, "y": 12},
	{ "monster": "LMB_scout", "x": 44, "y": 12},
	{ "monster": "LMB_Assault", "x": 12, "y": 16},
	{ "monster": "LMB_Assault", "x": 13, "y": 16},
	{ "monster": "LMB_Engineer", "x": 34, "y": 28},
	{ "monster": "LMB_Engineer", "x": 33, "y": 28},
	{ "monster": "LMB_Engineer", "x": 33, "y": 29},
	{ "monster": "LMB_Engineer", "x": 34, "y": 28},
	 { "monster": "LMB_Medic", "x": 17, "y": 21},
	 { "monster": "LMB_Medic", "x": 18, "y": 21},
	 { "monster": "LMB_Gunner", "x": 38, "y": 30 },
	 { "monster": "LMB_squad_leader", "x": 34, "y": 35 },
	 { "monster": "Rouge_agent_Bumblebee", "x": 28, "y":36 }],
      "monster": { "T": { "monster": "mon_turret_searchlight" } },
      "place_vehicles": [
        { "vehicle": "forklift", "x": 29, "y": 6, "chance": 95, "rotation": 180, "status": 1 },
        { "vehicle": "parkinglotbasic", "x": 4, "y": 9, "chance": 75, "rotation": 270, "status": -1 },
        { "vehicle": "flatbed_truck", "x": 11, "y": 4, "chance": 25, "rotation": 270, "status": -1 },
        { "vehicle": "Medevac1", "x": 9, "y": 38, "chance": 1, "rotation": 90, "status": -1 },
        { "vehicle": "helicopter_apache_1a", "x": 29, "y": 33, "chance": 1, "rotation": 270, "status": 1 },
        { "vehicle": "SmallFlier2_Wreck", "x": 39, "y": 38, "chance": 50, "rotation": 90, "status": -1 }
      ]
    }
  },
  {
    "method": "json",
    "om_terrain": [ [ "helipad2f_nw_LMB", "helipad2f_ne_LMB" ], [ "helipad2f_sw_LMB", "helipad2f_se_LMB" ] ],
    "type": "mapgen",
    "weight": 500,
    "object": {
      "fill_ter": "t_floor",
      "rows": [
        "                                                ",
        "    RRRRR                                       ",
        "    RRRRR                                       ",
        "    RRRRR            =======================    ",
        "    RRRRR            =======================    ",
        "                     =======================    ",
        "                     =======================    ",
        "                     =======================    ",
        "                     =======================    ",
        "                     =======================    ",
        "                     =======================    ",
        "                     =======================    ",
        "                     =======================    ",
        "                     =======================    ",
        "                     =======================    ",
        "    WWwwWWWwwWWWWWWWW=======================    ",
        "    WbttbWbttbWSjjWhW=======================    ",
        "    Wb--bWb--bW-----W=======================    ",
        "    WL--LWL--LW-LLWhW=======================    ",
        "    WW+WWWW+WWW+WWWWW=======================    ",
        "    w-----------W&-SW=======================    ",
        "    WW+WWWW+WWW-WW+WW=======================    ",
        "    WL--LWL--LW-----+=======================    ",
        "    Wb--bWb--bW-WW+WW=======================    ",
        "    WbttbWbttbW>W&-SW===================DD==    ",
        "    WWwwWWWwwWWWWWWWW=======================    ",
        "                                                ",
        "                                                ",
        "                                                ",
        "                                                ",
        "                                                ",
        "                                                ",
        "                                                ",
        "                                                ",
        "                                                ",
        "                                                ",
        "                                                ",
        "                                                ",
        "                                                ",
        "                                                ",
        "                                                ",
        "                                                ",
        "                                                ",
        "                                                ",
        "                                                ",
        "                                                ",
        "                                                ",
        "                                                "
      ],
      "palettes": [ "helipad_palette_roof" ],
      "toilets": { "&": {  } },
      "items": {
        "t": { "item": "bedroom", "chance": 50, "repeat": [ 0, 4 ] },
        "b": { "item": "bed", "repeat": [ 0, 3 ], "chance": 90 },
        "h": { "item": "SUS_bathroom_sink", "chance": 50 },
        "S": { "item": "SUS_bathroom_sink", "chance": 90 },
        "L": { "item": "army_personal_locker", "repeat": [ 0, 4 ], "chance": 50 },
        "=": { "item": "roof_trash", "chance": 2 },
        "&": { "item": "SUS_toilet", "chance": 50 }
      },
      "place_nested": [
        {
          "chunks": [ [ "roof_2x2_infrastructure", 40 ], [ "roof_2x2_infrastructure_2", 30 ], [ "roof_2x2_utilities", 30 ] ],
          "x": [ 24, 42 ],
          "y": [ 4, 13 ]
        },
        {
          "chunks": [ [ "roof_2x2_infrastructure", 40 ], [ "roof_2x2_infrastructure_2", 30 ], [ "roof_2x2_utilities", 30 ] ],
          "x": [ 24, 42 ],
          "y": [ 14, 22 ]
        }
      ]
    }
  },
  {
    "type": "mapgen",
    "method": "json",
    "om_terrain": [ "bunker_JTF" ],
    "object": {
      "rows": [
        "                        ",
        " -----------------------",
        " |                     |",
        " |                     |",
        " |                     |",
        " |                     |",
        " |                     |",
        " |    uMMMMMMMMMMu     |",
        " |     MMMMMMMMMM      |",
        " |     MMMM>>MMMM      |",
        " |     MMu,,,,uMM      |",
        " |     MMMM,,MMMM      |",
        " |     MMu,,,,uMM      |",
        " //*/  MMMM,,MMMM   /*//",
        " I#,/  MMu,,,,uMM   /,#I",
        " I00/  MMMMDDMMMM   /00I",
        " |    uMMMM  6MMMu     |",
        " +                     +",
        " +                     +",
        " +                     +",
        " +                     +",
        " +                     +",
        " +-------++++++--------+",
        "                        "
      ],
      "terrain": {
        " ": [ "t_grass", "t_grass", "t_grass", "t_dirt" ],
        "u": "t_utility_light",
        "#": "t_floor",
        "*": "t_door_c",
        "+": "t_chaingate_l",
        ",": "t_floor",
        "-": "t_chainfence_h",
        "/": "t_concrete_wall",
        "0": "t_window",
        "6": "t_card_military",
        ">": "t_stairs_down",
        "D": "t_door_metal_locked",
        "I": "t_ballistic_glass",
        "M": "t_wall_metal",
        "|": "t_chainfence_v"
      },
      "furniture": { "#": "f_table" }
      }
      },
      {
    "type": "mapgen",
    "method": "json",
    "om_terrain": [ "bunker_basement_JTF" ],
    "weight": 250,
    "object": {
      "fill_ter": "t_floor",
      "rows": [
        "########################",
        "#MMMMMMMMMMMMMMMMMMMMMM#",
        "#Ms  6 {{M3 5Mu?A2MbCbM#",
        "#Msuct   *   +    /   M#",
        "#Mt     2Mu  MCCCgMbCbM#",
        "#MMMMMMMMM   MMMMMMMMMM#",
        "#MrrrrrrrM   2Mb  23 bM#",
        "#Mu      +    Ml     lM#",
        "#MLLLLLLLM5   *      bM#",
        "#MMMMMMMMMM  uMb     lM#",
        "#Mc tut t2M   Ml     bM#",
        "#Mt c c cWM   Mlb bl lM#",
        "#Mc       *   MMMMMMMMM#",
        "#MMMM*MMMMMu  M}   2 %M#",
        "#M2     uTM   *      uM#",
        "#MSBOCCfCCM   MYsssY{{M#",
        "#MMMMMMMMMM   MMMMMMMMM#",
        "#ML *u           u*  SM#",
        "#MMMMM*MMMMM+MMM*MM2 SM#",
        "#Ms Mr cd|u  5M   M   M#",
        "#Ms Mr cd|    M*M*M*M*M#",
        "#Mt *u  2M << M1M1M&M&M#",
        "#MMMMMMMMMMMMMMMMMMMMMM#",
        "########################"
      ],
      "palettes": [ "basement_bunker" ],
      "terrain": {
        "u": "t_utility_light"
        },
      "furniture": {
        "r": "f_rack",
        "f": "f_fridge",
        "s": "f_sofa",
        "t": "f_table",
        "d": "f_desk",
        "c": "f_chair",
        "b": "f_bunkbed",
        "1": "f_shower",
        "S": "f_sink",
        "O": "f_oven",
        "C": "f_counter",
        "T": "f_trashcan",
        "B": "f_cupboard",
        "l": "f_locker",
        "L": "f_locker",
        "Y": "f_table",
        "A": "f_autodoc",
        "?": "f_autodoc_couch",
        "g": "f_glass_fridge",
        "{": "f_bookcase",
        "}": "f_pinball_machine",
        "%": "f_floor_canvas",
        "2": "f_air_conditioner",
        "3": "f_speaker_cabinet"
      },
      "items": {
        "b": { "item": "bed", "chance": 60 },
        "{": { "item": "bunker_basement_books", "chance": 70 },
        "T": { "item": "trash_cart", "chance": 50 },
        "l": { "item": "bunker_basement_clothing", "chance": 50 },
        "t": { "item": "dining", "chance": 45 },
        "A": { "item": "autodoc_supplies", "chance": 100 }
      },
      "place_loot": [
        { "group": "surgery", "x": [ 14, 16 ], "y": 4, "chance": 70, "repeat": [ 1, 3 ] },
        { "group": "bunker_basement_drugs", "x": [ 14, 16 ], "y": 4, "chance": 80, "repeat": [ 1, 3 ] },
        { "group": "mags_milspec", "x": [ 2, 6 ], "y": 8, "chance": 100, "repeat": [ 3, 5 ] },
        { "group": "ammo_milspec", "x": [ 2, 6 ], "y": 8, "chance": 100, "repeat": [ 30, 250 ] },
        { "group": "grenades", "x": [ 2, 6 ], "y": 8, "chance": 100, "repeat": [ 5, 15 ] },
        { "group": "mil_hw", "x": [ 7, 8 ], "y": 8, "chance": 100, "repeat": [ 15, 40 ] },
        { "group": "mil_armor", "x": [ 7, 8 ], "y": 6, "chance": 65, "repeat": [ 1, 2 ] },
        { "group": "guns_rifle_milspec", "x": [ 2, 6 ], "y": 6, "chance": 80, "repeat": [ 1, 3 ] },
        { "group": "guns_rifle_milspec", "x": 5, "y": [ 19, 20 ], "chance": 80, "repeat": [ 1, 3 ] },
        { "group": "guns_launcher_milspec", "x": [ 2, 6 ], "y": 6, "chance": 80, "repeat": [ 1, 3 ] },
        { "group": "gear_soldier_sidearm", "x": [ 2, 6 ], "y": 6, "chance": 90, "repeat": [ 1, 3 ] },
        { "group": "SUS_fridge_survivor", "x": 7, "y": 15, "chance": 70 },
        { "group": "bunker_basement_food", "x": [ 5, 6 ], "y": 15, "chance": 75, "repeat": [ 1, 10 ] },
        { "group": "dining", "x": [ 8, 9 ], "y": 15, "chance": 75, "repeat": [ 1, 2 ] },
        { "group": "oven", "x": 4, "y": 15, "chance": 70 },
        { "group": "cleaning", "x": 2, "y": 17, "chance": 70 },
        { "group": "bionics_mil", "x": 16, "y": 4, "chance": 65 },
        { "item": "mess_tray", "x": [ 5, 6 ], "y": 15, "chance": 50, "repeat": [ 4, 5 ] },
        { "item": "whiskey", "x": 5, "y": 3 },
        { "item": "glass", "x": 5, "y": 3 },
        { "item": "militarymap", "x": 5, "y": 3 },
        { "item": "anesthetic_kit", "x": 17, "y": 4, "ammo": 100 },
        { "item": "television", "x": 17, "y": 13, "chance": 95 },
        { "item": "stereo", "x": 19, "y": 15, "chance": 80 }
      ],
      "place_npcs": [
        {
          "class": "JTF_soldier",
          "x": 7,
          "y": 20
        },
        {
          "class": "JTF_soldier",
          "x": 10,
          "y": 11
        },
        {
          "class": "JTF_soldier",
          "x": 13,
          "y": 7
        },
        {
          "class": "JTF_soldier",
          "x": 11,
          "y": 2
        },
        {
          "class": "shd_agent",
          "x": 4,
          "y": 3,
          "target": true
        },
        {
          "class": "rouge_agent_hk416",
          "x": 17,
          "y": 15
        },
        {
          "class": "JTF_need",
          "x": 3,
          "y": 7,
          "target": true
        }
      ]
    }
  }
]