[
{
    "type": "GUNMOD",
    "id": "hk416_only",
    "name": {
      "str": "EOTech EXPS3-4 组合瞄具"
    },
    "location": "sights",
    "sight_dispersion": 10,
    "field_of_view": 300,
    "aim_speed_modifier": 20,
    "description": "一套十分coool的瞄具，在全息瞄准镜前边上增加了可调整位置的光学瞄准镜。许多人第一次见到它很可能是在COD8和MW里。",
    "weight": "450 g",
    "color": "dark_gray",
    "symbol": ":",
    "material": [ "steel","glass" ],
    "mod_targets": ["rifle", "crossbow","launcher" ],
    "volume": "680 ml",
    "price": "1500 USD",
    "install_time": "5m",
    "flags": [ "DISABLE_SIGHTS", "ZOOM" ], 
    "min_skills": [
      ["rifle",4],
      ["gun",4]
    ]
  },
  {
    "id": "digi_m320_mod",
    "type": "GUNMOD",
    "name": { "str_sp": "M320 GLM" },
    "description": "The M320 Grenade Launcher Module offers the functionality of larger launchers in a very small package at the cost of decreased accuracy.  It can be either attached to a rifle or combined with a buttstock for standalone use.",
    "weight": "1500 g",
    "volume": "500 ml",
    "price": 84000,
    "price_postapoc": 1000,
    "install_time": "5 m",
    "material": [ "steel" ],
    "symbol": ":",
    "color": "dark_gray",
    "location": "underbarrel",
    "mod_targets": [ "rifle", "crossbow" ],
    "gun_data": {
      "ammo": "40x46mm",
      "skill": "launcher",
      "dispersion": 270,
      "durability": 10,
      "blackpowder_tolerance": 60,
      "clip_size": 1,
      "ranged_damage": { "damage_type": "bullet", "amount": 40 }
    },
    "min_skills": [ [ "weapon", 2 ], [ "launcher", 1 ] ],
    "flags": [ "NEVER_JAMS", "RELOAD_EJECT","IRREMOVABLE" ],
    "pocket_data": [ { "pocket_type": "MAGAZINE", "ammo_restriction": { "40x46mm": 2 } } ],
    "faults": [ "fault_gun_blackpowder", "fault_gun_dirt" ]
  }
  ]