[
{
    "id": "hkmg4",
    "copy-from": "rifle_auto",
    "looks_like": "m249",
    "type": "GUN",
    "name": { "str": "HK MG4 轻机枪" },
    "description": " 由HK公司为德国国防军所设计的班用机枪，用于替代老式的MG3。标准都MG4配备有双脚架和可调式枪托，并且可以抵肩射击",
    "weight": "7950 g",
    "volume": "3238 ml",
    "longest_side": "1005 mm",
    "price": 1000000,
    "price_postapoc": 45000,
    "to_hit": -1,
    "bashing": 15,
    "material": [ "steel", "plastic" ],
    "symbol": "(",
    "color": "dark_gray",
    "ammo": [ "223" ],
    "ranged_damage": { "damage_type": "bullet", "amount": 1 },
    "dispersion": 110,
    "durability": 7,
    "min_cycle_recoil": 3000,
    "reload": 400,
    "modes": [ [ "DEFAULT", "semi-auto", 1 ], [ "AUTO", "auto", 4 ] ],
    "built_in_mods": [ "bipod","adjustable_stock" ],
    "valid_mod_locations": [
      [ "accessories", 4 ],
      [ "barrel", 1 ],
      [ "bore", 1 ],
      [ "brass catcher", 1 ],
      [ "grip", 1 ],
      [ "mechanism", 4 ],
      [ "muzzle", 1 ],
      [ "rail", 1 ],
      [ "sights", 1 ],
      [ "sling", 1 ],
      [ "underbarrel mount", 1 ],
      [ "stock", 1 ]
    ],
    "pocket_data": [ { "pocket_type": "MAGAZINE_WELL", "item_restriction": [ "belt223" ] } ]
  },
 {
    "id": "hk416d",
    "copy-from": "rifle_auto",
    "looks_like": "m27_assault_rifle",
    "type": "GUN",
    "name": { "str": "HK 416D 突击步枪" },
    "description": "一把HK416，是HK416的早期版本，这把10RS的版本十分受各特种部队和执法部门的欢迎。“Tally to，战斗开始”",
    "weight": "3120 g",
    "volume": "4560 ml",
    "longest_side": "709 mm",
    "price": 540000,
    "price_postapoc": "1500USD",
    "to_hit": 0,
    "bashing": 12,
    "material": [ "steel", "plastic" ],
    "symbol": "(",
    "color": "dark_gray",
    "ammo": [ "223" ],
    "ranged_damage": { "damage_type": "bullet", "amount": 4 },
    "dispersion": 100,
    "durability": 8,
    "min_cycle_recoil": 1350,
	"valid_mod_locations": [
	  [ "accessories", 4 ],
      [ "barrel", 1 ],
      [ "bore", 1 ],
      [ "brass catcher", 1 ],
      [ "muzzle", 1 ],
      [ "sling", 1 ],
      [ "stock mount", 1 ],
      [ "mechanism", 4 ],
      [ "sights", 2],
      [ "grip", 1 ],
      [ "rail", 1 ],
      [ "underbarrel", 2 ]
    ],
	"default_mods": ["suppressor","holo_sight","rail_laser_sight","grip","adjustable_stock"],
    "modes": [ [ "DEFAULT", "semi-auto", 1 ], [ "AUTO", "auto", 4 ] ],
    "pocket_data": [
      {
        "pocket_type": "MAGAZINE_WELL",
        "item_restriction": [
          "stanag30",
          "stanag5",
          "stanag5ranger",
          "stanag10",
          "stanag10ranger",
          "stanag20",
          "stanag20ranger",
          "stanag30ranger",
          "stanag40",
          "stanag40ranger",
          "stanag50",
          "stanag60",
          "stanag60drum",
          "stanag90",
          "stanag100",
          "stanag100drum",
          "stanag150",
          "survivor223mag"
        ]
      }
    ]
  },
  {
    "id": "first_wave_TDI",
    "looks_like": "TDI",
    "type": "GUN",
    "name": { "str": "第一波Vector 冲锋枪" },
    "description": "这是一把第一波特工曾经使用过的vector。你可以看得出枪械有明显的改装痕迹，更适合进行军事行动。",
    "weight": "3100 g",
    "volume": "4248 ml",
    "longest_side": "611 mm",
    "price": 310000,
    "price_postapoc": "3000USD",
    "to_hit": -2,
    "bashing": 9,
    "material": [ "steel", "plastic" ],
    "symbol": "(",
    "color": "dark_gray",
    "ammo": [ "45" ],
	"ranged_damage": { "damage_type": "bullet", "amount": 7 },
    "skill": "smg",
    "dispersion": 50,
    "durability": 10,
    "min_cycle_recoil": 230,
    "modes": [ [ "DEFAULT", "semi-auto", 1 ], [ "AUTO", "auto", 6 ],["BURST", "3 rd.",3 ]	],
    "valid_mod_locations": [
      [ "accessories", 3 ],
      [ "barrel", 1 ],
      [ "bore", 1 ],
      [ "brass catcher", 1 ],
      [ "grip_mount", 1 ],
      [ "mechanism", 4 ],
      [ "muzzle", 1 ],
      [ "rail", 1 ],
      [ "sights", 1 ],
      [ "sling", 1 ],
      [ "stock", 1 ],
      [ "underbarrel", 1 ]
    ],
    "faults": [ "fault_gun_blackpowder", "fault_gun_dirt", "fault_gun_chamber_spent" ],
    "default_mods": [
        "holo_sight",
        "rail_laser_sight",
        "brass_catcher",
        "match_trigger",
		"suppressor",
		"adjustable_stock",
		"grip",
		"shoulder_strap"
    ],
    "pocket_data": [
      {
        "pocket_type": "MAGAZINE_WELL",
        "holster": true,
        "max_contains_volume": "20 L",
        "max_contains_weight": "20 kg",
        "item_restriction": [ "tdi_mag", "glock_21mag", "glock_21mag26" ]
      }
    ]
  },
    {
    "id": "first_wave_m1a",
    "copy-from": "rifle_semi",
    "looks_like": "m1a",
    "type": "GUN",
    "name": { "str_sp": "第一波M1A 狙击步枪" },
    "description": "一把经典的M14的半自动版本。这把M1A经过了特殊的改装，可以说是现代化版，你可以看出它曾经属于某个第一波特工。",
    "weight": "4230 g",
    "volume": "3970 ml",
    "longest_side": "1126 mm",
    "price": 130000,
    "price_postapoc": "3500USD",
    "to_hit": -1,
    "bashing": 12,
    "material": [ "steel", "wood" ],
    "symbol": "(",
    "color": "brown",
    "ammo": [ "308" ],
    "ranged_damage": { "damage_type": "bullet", "amount": 3 },
    "dispersion": 20,
    "durability": 8,
    "min_cycle_recoil": 2500,
    "barrel_volume": "500 ml",
    "valid_mod_locations": [
      [ "accessories", 4 ],
      [ "barrel", 1 ],
      [ "bore", 1 ],
      [ "brass catcher", 1 ],
      [ "mechanism", 4 ],
      [ "muzzle", 1 ],
      [ "sights", 1 ],
      [ "sling", 1 ],
      [ "grip", 1 ],
      [ "rail", 1 ],
      [ "stock", 1 ],
      [ "underbarrel", 1 ]
    ],
	"default_mods": [
        "acog_scope",
        "rail_laser_sight",
        "brass_catcher",
        "match_trigger",
		"suppressor",
		"adjustable_stock",
		"bipod",
		"shoulder_strap"
    ],
    "pocket_data": [
      {
        "pocket_type": "MAGAZINE_WELL",
        "holster": true,
        "max_contains_volume": "20 L",
        "max_contains_weight": "20 kg",
        "item_restriction": [ "m14mag", "m14smallmag", "m14_makeshiftmag" ]
      }
    ]
  },
  {
    "id": "p416",
    "copy-from": "rifle_semi",
    "type": "GUN",
    "looks_like": "m27_assault_rifle",
    "name": { "str": "P416 突击步枪" },
    "description": "P416是由POF公司所推出的突击步枪,在外观上和HK416十分相似,但是有着不同的结构。现在这把枪被幸存者军队大规模装备。",
    "weight": "2950 g",
    "volume": "3300 ml",
    "longest_side": "690 mm",
    "price": 125000,
    "price_postapoc": 40000,
    "to_hit": -1,
    "bashing": 12,
    "material": [ "steel", "plastic" ],
    "symbol": "(",
    "color": "dark_gray",
    "ammo": [ "223" ],
	"ranged_damage": { "damage_type": "bullet", "amount": 1 },
    "dispersion": 170,
    "durability": 8,
    "min_cycle_recoil": 1350,
	"barrel_volume": "228 ml",
	"valid_mod_locations": [
      [ "accessories", 4 ],
      [ "barrel", 1 ],
      [ "bore", 1 ],
      [ "brass catcher", 1 ],
      [ "mechanism", 4 ],
      [ "muzzle", 1 ],
      [ "sights", 1 ],
      [ "sling", 1 ],
      [ "grip", 1 ],
      [ "rail", 1 ],
      [ "stock", 1 ],
      [ "underbarrel", 1 ]
    ],
    "modes": [ [ "DEFAULT", "semi-auto", 1 ], [ "AUTO", "auto", 4 ] ],
    "weapon_category": [ "AUTOMATIC_RIFLES" ],
    "pocket_data": [
      {
        "pocket_type": "MAGAZINE_WELL",
        "item_restriction": [
          "stanag30",
          "stanag5",
          "stanag5ranger",
          "stanag10",
          "stanag10ranger",
          "stanag20",
          "stanag20ranger",
          "stanag30ranger",
          "stanag40",
          "stanag40ranger",
          "stanag50",
          "stanag60",
          "stanag60drum",
          "stanag90",
          "stanag100",
          "stanag100drum",
          "stanag150",
          "survivor223mag"
        ]
      }
    ]
  },
  {
    "id": "military_p416",
    "copy-from": "rifle_semi",
    "type": "GUN",
    "looks_like": "m27_assault_rifle",
    "name": { "str": "军规P416 突击步枪" },
    "description": "P416是由POF公司所推出的突击步枪,在外观上和HK416十分相似,但是有着不同的结构。这把P416是以军用标准来制造的,拥有更好的性能。",
    "weight": "2950 g",
    "volume": "3300 ml",
    "longest_side": "690 mm",
    "price": 125000,
    "price_postapoc": 45000,
    "to_hit": -1,
    "bashing": 15,
    "material": [ "steel", "plastic" ],
    "symbol": "(",
    "color": "dark_gray",
    "ammo": [ "223" ],
	"ranged_damage": { "damage_type": "bullet", "amount": 2 },
    "dispersion": 140,
    "durability": 10,
    "min_cycle_recoil": 1000,
	"barrel_volume": "228 ml",
	"valid_mod_locations": [
      [ "accessories", 4 ],
      [ "barrel", 1 ],
      [ "bore", 1 ],
      [ "brass catcher", 1 ],
      [ "mechanism", 4 ],
      [ "muzzle", 1 ],
      [ "sights", 1 ],
      [ "sling", 1 ],
      [ "grip", 1 ],
      [ "rail", 1 ],
      [ "stock", 1 ],
      [ "underbarrel", 1 ]
    ],
    "modes": [ [ "DEFAULT", "semi-auto", 1 ], [ "AUTO", "auto", 4 ] ],
    "weapon_category": [ "AUTOMATIC_RIFLES" ],
    "pocket_data": [
      {
        "pocket_type": "MAGAZINE_WELL",
        "item_restriction": [
          "stanag30",
          "stanag5",
          "stanag5ranger",
          "stanag10",
          "stanag10ranger",
          "stanag20",
          "stanag20ranger",
          "stanag30ranger",
          "stanag40",
          "stanag40ranger",
          "stanag50",
          "stanag60",
          "stanag60drum",
          "stanag90",
          "stanag100",
          "stanag100drum",
          "stanag150",
          "survivor223mag"
        ]
      }
    ]
  },
  {
    "id": "an94",
	"//":"实际上这是老版本的武器，由于在F版本中删除因此在此作为mod内容的形式加入游戏",
    "looks_like": "ar15",
    "type": "GUN",
    "reload_noise_volume": 10,
    "name": { "str": "AN-94 突击步枪" },
    "description": "旨在取代AK74，AN94突击步枪使用了复杂的机械结构来延缓后坐感，还提供了两连突发速射模式。尽管它较高的复杂性让她不能被列装到俄罗斯全线部队，但据资料，她早已提供给俄方特种部队服役。",
    "weight": "3850 g",
    "volume": "4147 ml",
    "longest_side": "95 cm",
    "price": 420000,
    "price_postapoc": 94000,
    "to_hit": -1,
    "bashing": 11,
    "material": [ "steel", "plastic" ],
    "symbol": "(",
    "color": "brown",
    "ammo": "545x39",
    "skill": "rifle",
    "dispersion": 120,
    "durability": 7,
    "barrel_volume": "250 ml",
    "modes": [ [ "DEFAULT", "semi-auto", 1 ], [ "BURST", "2 rd.", 2 ], [ "AUTO", "auto", 4 ] ],
    "valid_mod_locations": [
      [ "accessories", 4 ],
      [ "barrel", 1 ],
      [ "bore", 1 ],
      [ "brass catcher", 1 ],
      [ "grip", 1 ],
      [ "mechanism", 4 ],
      [ "muzzle", 1 ],
      [ "rail", 1 ],
      [ "sights", 1 ],
      [ "sling", 1 ],
      [ "stock", 1 ],
      [ "underbarrel", 1 ]
    ],
    "pocket_data": [
      {
        "pocket_type": "MAGAZINE_WELL",
        "item_restriction": [ "ak74mag", "rpk74mag" ]
      }
    ]
  },
    {
    "id": "mosters_mgl",
    "copy-from": "launcher_base",
    "looks_like": "m79",
    "type": "GUN",
    "name": { "str_sp": "Milkor MGL" },
    "description": "怪物专用MGL，你是不是该想想为什么能看到呢.",
    "weight": "5300 g",
    "volume": "4230 ml",
    "longest_side": "565 mm",
    "price": 1040000,
    "price_postapoc": 7000,
    "to_hit": -3,
    "bashing": 12,
    "material": [ "steel" ],
    "ammo": [ "40x46mm" ],
    "dispersion": 8000,
    "durability": 8,
    "blackpowder_tolerance": 60,
    "clip_size": 6,
    "reload": 300,
    "valid_mod_locations": [
      [ "accessories", 2 ],
      [ "barrel", 1 ],
      [ "sights", 1 ],
      [ "sling", 1 ],
      [ "grip", 1 ],
      [ "rail", 1 ],
      [ "stock", 1 ],
      [ "underbarrel", 1 ]
    ],
    "pocket_data": [ { "pocket_type": "MAGAZINE", "rigid": true, "ammo_restriction": { "40x46mm": 6 } } ]
  },
  {
    "id": "m60e4",
    "copy-from": "rifle_auto",
    "looks_like": "ar15",
    "type": "GUN",
    "name": { "str": "M60E4 轻机枪" },
    "description": "由于部分人觉得M60作为支援武器比M249威力更大并且更能胜任支援武器的任务，因此这把极具现代化的M60E4得以出现。LMB的机枪手目前正大量的装备这把机枪。",
    "weight": "10500 g",
    "volume": "10900 ml",
    "longest_side": "1105 mm",
    "price": 1000000,
    "price_postapoc": 7500,
    "to_hit": -1,
    "bashing": 15,
    "material": [ "steel", "plastic" ],
    "symbol": "(",
    "color": "dark_gray",
    "ammo": [ "308" ],
    "ranged_damage": { "damage_type": "bullet", "amount": -1 },
    "dispersion": 120,
    "durability": 5,
    "min_cycle_recoil": 2700,
    "reload": 400,
    "modes": [ [ "DEFAULT", "burst", 4 ] ],
    "built_in_mods": [ "bipod" ],
    "valid_mod_locations": [
      [ "accessories", 4 ],
      [ "barrel", 1 ],
      [ "bore", 1 ],
      [ "brass catcher", 1 ],
      [ "mechanism", 4 ],
      [ "muzzle", 1 ],
      [ "sights", 1 ],
      [ "sling", 1 ],
      [ "grip mount", 1 ],
      [ "rail mount", 1 ],
      [ "stock mount", 1 ],
      [ "underbarrelt", 1 ]
    ],
    "pocket_data": [ { "pocket_type": "MAGAZINE_WELL", "item_restriction": [ "belt308" ] } ]
  },
  {
    "id": "mosters_m60e4",
    "copy-from": "rifle_auto",
    "looks_like": "ar15",
    "type": "GUN",
    "name": { "str": "M60E4" },
    "description": "怪物用M60E4，为了防止玩家突然暴毙。你不是该想想为什么会看到这个",
    "weight": "10500 g",
    "volume": "10900 ml",
    "longest_side": "1105 mm",
    "price": 1000000,
    "price_postapoc": 7500,
    "to_hit": -1,
    "bashing": 15,
    "material": [ "steel", "plastic" ],
    "symbol": "(",
    "color": "dark_gray",
    "ammo": [ "308" ],
    "ranged_damage": { "damage_type": "bullet", "amount": -1 },
    "dispersion": 7000,
    "durability": 7,
    "min_cycle_recoil": 2700,
    "reload": 400,
    "modes": [ [ "DEFAULT", "burst", 4 ] ],
    "built_in_mods": [ "bipod" ],
    "valid_mod_locations": [
      [ "accessories", 4 ],
      [ "barrel", 1 ],
      [ "bore", 1 ],
      [ "brass catcher", 1 ],
      [ "grip", 1 ],
      [ "mechanism", 4 ],
      [ "muzzle", 1 ],
      [ "rail", 1 ],
      [ "sights", 1 ],
      [ "sling", 1 ],
      [ "stock", 1 ]
    ],
    "pocket_data": [ { "pocket_type": "MAGAZINE_WELL", "item_restriction": [ "belt308" ] } ]
  },
  {
    "id": "sat8",
    "type": "GUN",
	"copy-from": "shotgun_pump",
	"looks_like":"mossberg_590",
    "name": { "str": "SAT-8 霰弹枪" },
    "description": "FABARM公司为了取代FAST-20这把备受欢迎但是供弹方式奇特的霰弹枪而设计了SAT8，作为一把军警用战斗霰弹枪她有着许多特色的设计并且能加装适配皮卡丁尼导轨协议的配件和瞄具。这一把SAT8是PRO TELESCOPIC版本。”不能给使用者提供吸收伤害的护盾“",
    "weight": "3150 g",
    "volume": "2487 ml",
    "longest_side": "1050 mm",
    "price": 58700,
    "price_postapoc": 140000,
    "to_hit": -1,
    "bashing": 12,
    "material": [ "steel", "plastic" ],
    "dispersion": 150,
    "ranged_damage": { "damage_type": "bullet", "amount": 3 },
    "durability": 10,
    "clip_size": 5,
    "valid_mod_locations": [
	  [ "accessories", 4 ],
      [ "barrel", 1 ],
      [ "bore", 1 ],
      [ "brass catcher", 1 ],
      [ "muzzle", 1 ],
      [ "sling", 1 ],
      [ "stock mount", 1 ],
      [ "mechanism", 4 ],
      [ "sights", 1],
      [ "grip", 1 ],
      [ "rail", 1 ],
      [ "underbarrel", 1 ]
    ],
    "barrel_volume": "510 ml",
    "pocket_data": [ { "pocket_type": "MAGAZINE", "rigid": true, "ammo_restriction": { "shot": 8 } } ]
  },
  {
    "id": "tac50hs",
    "copy-from": "rifle_manual",
    "looks_like": "ar15",
    "type": "GUN",
    "name": { "str": "“神射手”TAC-50 A1 狙击步枪" },
    "description": "一把特殊的TAC50 A1，经过了某个国土战略局特工的细心保养和调整，精确度和威力都得到了不低的增强。“她不会提供一个无人机为你提供掩护”",
    "weight": "11790 g",
    "volume": "6500 ml",
    "longest_side": "146 cm",
    "price": 870000,
    "price_postapoc": 20000,
    "to_hit": 0,
    "bashing": 12,
    "material": [ "steel" ],
    "ammo": [ "50" ],
    "range": 50,
    "ranged_damage": { "damage_type": "bullet", "amount": 10 },
    "dispersion": 20,
    "durability": 8,
    "blackpowder_tolerance": 24,
    "reload": 450,
    "barrel_volume": "1250 ml",
    "default_mods": [ "recoil_stock", "bipod", "rifle_scope", "muzzle_brake" ],
    "flags": [ "NEVER_JAMS" ],
    "pocket_data": [ { "pocket_type": "MAGAZINE_WELL", "item_restriction": [ "tac50mag" ] } ]
  },
  {
    "id": "rpk16",
    "looks_like": "ar15",
    "type": "GUN",
    "reload_noise_volume": 10,
    "name": { "str": "RPK-16 轻机枪" },
    "description": "RPK-16是卡拉什尼科夫集团计划取代俄军装备的RPK-74的成品，结合了AK-12的技术成果。她可以为了战术需要装备长短枪管，并且有着皮卡丁尼导轨以便装备额外的配件。“格里芬:变人”",
    "weight": "4500 g",
    "volume": "4657 ml",
    "longest_side": "1080 cm",
    "price": 420000,
    "price_postapoc": 94000,
    "to_hit": 0,
    "bashing": 12,
    "material": [ "steel", "plastic" ],
    "symbol": "(",
    "color": "brown",
    "ammo": "545x39",
    "skill": "rifle",
    "dispersion": 100,
    "durability": 7,
    "barrel_volume": "250 ml",
    "ranged_damage": { "damage_type": "bullet", "amount": 3 },
    "modes": [ [ "DEFAULT", "semi-auto", 1 ], [ "AUTO", "auto", 4 ] ],
    "valid_mod_locations": [
      [ "accessories", 4 ],
      [ "barrel", 1 ],
      [ "bore", 1 ],
      [ "brass catcher", 1 ],
      [ "grip", 1 ],
      [ "mechanism", 4 ],
      [ "muzzle", 1 ],
      [ "rail", 1 ],
      [ "sights", 1 ],
      [ "sling", 1 ],
      [ "stock", 1 ],
      [ "underbarrel", 1 ]
    ],
    "pocket_data": [
      {
        "pocket_type": "MAGAZINE_WELL",
        "item_restriction": [ "ak74mag", "rpk74mag" ]
      }
    ]
  },
  {
    "id": "moster_rpk16",
    "looks_like": "ar15",
    "type": "GUN",
    "reload_noise_volume": 10,
    "name": { "str": "RPK-16" },
    "description": "怪物用版本。“格里芬:变人””",
    "weight": "4500 g",
    "volume": "4147 ml",
    "longest_side": "1080 cm",
    "price": 420000,
    "price_postapoc": 94000,
    "to_hit": 0,
    "bashing": 12,
    "material": [ "steel", "plastic" ],
    "symbol": "(",
    "color": "brown",
    "ammo": "545x39",
    "skill": "rifle",
    "dispersion": 100,
    "durability": 7,
    "barrel_volume": "250 ml",
    "ranged_damage": { "damage_type": "bullet", "amount": 15 },
    "modes": [ [ "DEFAULT", "semi-auto", 1 ], [ "AUTO", "auto", 4 ] ],
    "valid_mod_locations": [
      [ "accessories", 4 ],
      [ "barrel", 1 ],
      [ "bore", 1 ],
      [ "brass catcher", 1 ],
      [ "grip", 1 ],
      [ "mechanism", 4 ],
      [ "muzzle", 1 ],
      [ "rail", 1 ],
      [ "sights", 1 ],
      [ "sling", 1 ],
      [ "stock", 1 ],
      [ "underbarrel", 1 ]
    ],
    "pocket_data": [
      {
        "pocket_type": "MAGAZINE_WELL",
        "item_restriction": [ "ak74mag", "rpk74mag" ]
      }
    ]
  },
  {
    "id": "sv98",
    "copy-from": "rifle_manual",
    "looks_like": "ar15",
    "type": "GUN",
    "name": { "str": "SV-98 狙击步枪" },
    "description": "由伊热图斯克机械厂所研制的狙击步枪，用于填补苏/俄军在高精确度狙击步枪上的缺口。虽然她的精度非常高，但是保养也更繁琐，寿命更短。",
    "weight": "5889 g",
    "volume": " 4768ml",
    "longest_side": "120 cm",
    "price": 870000,
    "price_postapoc": 170000,
    "to_hit": 0,
    "bashing": 12,
    "material": [ "steel" ],
    "ammo": [ "762R" ],
    "range": 50,
    "ranged_damage": { "damage_type": "bullet", "amount": 2 },
    "dispersion": 40,
    "durability": 8,
    "blackpowder_tolerance": 24,
    "reload": 450,
    "barrel_volume": "650 ml",
    "default_mods": [  "bipod", "rifle_scope" ],
    "flags": [ "NEVER_JAMS" ],
    "pocket_data": [ { "pocket_type": "MAGAZINE_WELL", "item_restriction": [ "sv98mag" ] } ]
  },
  {
    "id": "srs",
    "copy-from": "rifle_manual",
    "looks_like": "ar15",
    "type": "GUN",
    "name": { "str": "SRS-A3 狙击步枪" },
    "description": "沙漠战术公司所研发的一款无托式手动狙击步枪。在设计上改变了传统的头重脚轻，使得枪械整体更为平衡。",
    "weight": "5560 g",
    "volume": "3569 ml",
    "longest_side": "108 cm",
    "price": 870000,
    "price_postapoc": 200000,
    "to_hit": 0,
    "bashing": 12,
    "material": [ "steel" ],
    "ammo": [ "308" ],
    "range": 50,
    "ranged_damage": { "damage_type": "bullet", "amount": 1 },
    "dispersion": 110,
    "durability": 8,
    "blackpowder_tolerance": 24,
    "reload": 450,
    "barrel_volume": "660 ml",
    "default_mods": [ "recoil_stock", "bipod", "rifle_scope", "muzzle_brake" ],
    "flags": [ "NEVER_JAMS" ],
    "pocket_data": [ { "pocket_type": "MAGAZINE_WELL", "item_restriction": [ "srsmag" ] } ]
  },
  {
    "id": "ares_shrike",
    "copy-from": "rifle_auto",
    "looks_like": "m27_assault_rifle",
    "type": "GUN",
    "name": { "str": "伯利鸟 轻机枪" },
    "description": "由美国阿瑞斯公司所研发的轻机枪，在保持着轻机枪的火力下有着突击步枪的枪管长度。",
    "weight": "3320 g",
    "volume": "4304 ml",
    "longest_side": "711 mm",
    "price": 540000,
    "price_postapoc": "1600USD",
    "to_hit": 0,
    "bashing": 12,
    "material": [ "steel", "plastic" ],
    "symbol": "(",
    "color": "dark_gray",
    "ammo": [ "223" ],
    "ranged_damage": { "damage_type": "bullet", "amount": 1 },
    "dispersion": 120,
    "durability": 8,
    "min_cycle_recoil": 1350,
	"valid_mod_locations": [
	  [ "accessories", 4 ],
      [ "barrel", 1 ],
      [ "bore", 1 ],
      [ "brass catcher", 1 ],
      [ "muzzle", 1 ],
      [ "sling", 1 ],
      [ "stock mount", 1 ],
      [ "mechanism", 4 ],
      [ "sights", 2],
      [ "grip", 1 ],
      [ "rail", 1 ],
      [ "underbarrel", 2 ]
    ],
	"default_mods": ["suppressor","holo_sight","rail_laser_sight","grip","adjustable_stock"],
    "modes": [ [ "DEFAULT", "semi-auto", 1 ], [ "AUTO", "auto", 4 ] ],
    "pocket_data": [
      {
        "pocket_type": "MAGAZINE_WELL",
        "item_restriction": [
          "stanag30",
          "stanag5",
          "stanag5ranger",
          "stanag10",
          "stanag10ranger",
          "stanag20",
          "stanag20ranger",
          "stanag30ranger",
          "stanag40",
          "stanag40ranger",
          "stanag50",
          "stanag60",
          "stanag60drum",
          "stanag90",
          "stanag100",
          "stanag100drum",
          "stanag150",
          "survivor223mag"
        ]
      }
    ]
  }
]