[
{
    "id": "socom_mk20",
    "copy-from": "scar_h",
    "looks_like": "scar_h",
    "type": "GUN",
    "name": { "str_sp": "SOCOM MK20“暗黑”步枪" },
    "description": "FN公司推出的一把SCAR重型版的改进型，为特种作战而生的武器。这一把MK20装备了一种特殊的枪口，能让打出去子弹瘫痪机器人。“趁现在撤退吧，在暗黑的掩护下你会感到一丝宽松和欣慰的。”-第一波特工 迅猛龙",
    "ascii_picture": "scar-H",
    "weight": "3630 g",
    "volume": "5427 ml",
    "longest_side": "906 mm",
    "price_postapoc": "2000 USD",
    "ammo_effects": [
      "DRAW_LASER_BEAM",
      "EMP"
    ],
    "ammo": [ "308" ],
    "ranged_damage": { "damage_type": "heat",
      "amount": 0,
      "armor_penetration": 5
      },
    "min_cycle_recoil": 2700,
    "pocket_data": [
      {
        "pocket_type": "MAGAZINE_WELL",
        "item_restriction": [ "scarhmag", "scarhbigmag", "scarhmag_30rd", "scarh_makeshiftmag" ]
      }
    ]
  },
  {
    "id": "akm_merciless",
    "copy-from": "rifle_auto",
    "looks_like": "ar15",
    "type": "GUN",
    "name": { "str": "AKM“无情”" },
    "description": "一把通过各式非法渠道流入美国的东德制的AK47改进型，上面用胶布给枪械装上了本来不可能装上的配件。“人们说我们冷酷无情，我们只不过是缺乏同情心罢了。”-鬣狗议会议员“黄道”",
    "weight": "3402 g",
    "volume": "2167 ml",
    "longest_side": "87 cm",
    "price": 290000,
    "price_postapoc": 60000,
    "to_hit": -1,
    "bashing": 12,
    "material": [ "steel", "wood" ],
    "color": "brown",
    "ammo": [ "762" ],
    "dispersion": 120,
    "durability": 9,
    "min_cycle_recoil": 900,
    "modes": [ [ "DEFAULT", "semi-auto", 1 ],[ "BURST", "2 rd.", 2 ] ],
    "valid_mod_locations": [
      [ "brass catcher", 1 ],
      [ "mechanism", 4 ],
      [ "muzzle", 1 ],
      [ "sling", 1 ],
      [ "stock mount", 1 ],
      [ "stock accessory", 2 ]
    ],
    "default_mods": ["suppressor_merciless","rifle_scope_merciless","grip_merciless"],
    "pocket_data": [ { "pocket_type": "MAGAZINE_WELL", "item_restriction": [ "akmag30", "akmag10", "akmag20", "akmag40", "akdrum75" ] } ]
  },
  {
    "id": "suppressor_merciless",
    "type": "GUNMOD",
    "name": { "str": "“无情”消音器" },
    "description": "一个正常的消音器，但是被不正常的安置在了这把枪上。",
    "weight": "490 g",
    "volume": "247 ml",
    "longest_side": "15 cm",
    "integral_longest_side": "15 cm",
    "price": 77000,
    "price_postapoc": 1500,
    "to_hit": 1,
    "bashing": 3,
    "material": [ "steel" ],
    "symbol": ":",
    "color": "dark_gray",
    "location": "muzzle",
    "mod_targets": [ "pistol", "smg", "rifle" ],
    "install_time": "30 s",
    "handling_modifier": 2,
    "range_modifier": 2,
    "consume_divisor": 840,
    "loudness_modifier": -50,
    "flags": [ "IRREMOVABLE" ]
  },
  {
    "id": "rifle_scope_merciless",
    "type": "GUNMOD",
    "name": { "str": "“无情”步枪瞄准镜" },
    "//": "Leupold Mark 6",
    "description": "一个被调整过的3-18x44步枪瞄准镜，被以不正常的方式安置在了这把不来不应该能安装上这个配件的枪上。",
    "weight": "669 g",
    "volume": "485 ml",
    "price": 68000,
    "price_postapoc": 750,
    "material": [ "aluminum", "glass" ],
    "symbol": ":",
    "color": "dark_gray",
    "location": "sights",
    "mod_targets": [ "rifle", "crossbow", "launcher","IRREMOVABLE" ],
    "install_time": "5 m",
    "sight_dispersion": 0,
    "aim_speed_modifier": 0,
    "field_of_view": 300,
    "min_skills": [ [ "weapon", 2 ], [ "gun", 4 ] ],
    "flags": [ "DISABLE_SIGHTS", "ZOOM" ]
  },
  {
    "id": "grip_merciless",
    "type": "GUNMOD",
    "name": { "str": "“无情”握把" },
    "description": "握把是无辜的，它也不知道自己为什么会以这种形式被安装到这把枪上。",
    "weight": "68 g",
    "volume": "119 ml",
    "price": 6000,
    "price_postapoc": 500,
    "install_time": "30 s",
    "material": [ "steel", "plastic" ],
    "symbol": ":",
    "color": "brown",
    "location": "underbarrel",
    "mod_targets": [ "shotgun", "smg", "rifle", "crossbow", "launcher" ],
    "handling_modifier": 6,
    "min_skills": [ [ "weapon", 2 ] ],
    "flags": [ "PUMP_RAIL_COMPATIBLE","IRREMOVABLE" ]
  },
  {
    "id": "m1a_stage_left",
    "copy-from": "rifle_semi",
    "looks_like": "m1a",
    "type": "GUN",
    "name": { "str_sp": "M1A“完美退场”" },
    "description": "一把经典的M14的半自动版本。在枪上装着一个不可拆卸的光学瞄准镜，瞄准镜旁边还装着个激光指示器，似乎不是单纯用来指示目标这么简单...。“这可是完美登场的不二选择!-13”",
    "weight": "4230 g",
    "volume": "3970 ml",
    "longest_side": "1126 mm",
    "price": 130000,
    "price_postapoc": "1000USD",
    "to_hit": -1,
    "bashing": 12,
    "material": [ "steel", "wood" ],
    "symbol": "(",
    "color": "brown",
    "ammo": [ "308" ],
    "ranged_damage": { "damage_type": "bullet", "amount": 0 },
    "dispersion": 20,
    "durability": 8,
    "min_cycle_recoil": 2500,
    "barrel_volume": "500 ml",
    "valid_mod_locations": [
      [ "accessories", 4 ],
      [ "barrel", 1 ],
      [ "bore", 1 ],
      [ "brass catcher", 1 ],
      [ "mechanism", 4 ],
      [ "muzzle", 1 ],
      [ "sights", 1 ],
      [ "sling", 1 ],
      [ "grip", 1 ],
      [ "rail", 1 ],
      [ "stock", 1 ],
      [ "underbarrel", 1 ]
    ],
	"default_mods": [
		"rifle_scope_stage"
    ],
    "pocket_data": [
      {
        "pocket_type": "MAGAZINE_WELL",
        "holster": true,
        "max_contains_volume": "20 L",
        "max_contains_weight": "20 kg",
        "item_restriction": [ "m14mag", "m14smallmag", "m14_makeshiftmag" ]
      }
    ]
  },
  {
    "id": "rifle_scope_stage",
    "type": "GUNMOD",
    "name": { "str": "“完美退场”步枪瞄准镜" },
    "//": "Leupold Mark 6",
    "description": "一个被调整过的3-18x44步枪瞄准镜，被以不正常的方式安置在了这把不来不应该能安装上这个配件的枪上。",
    "weight": "669 g",
    "volume": "485 ml",
    "price": 68000,
    "price_postapoc": 750,
    "material": [ "aluminum", "glass" ],
    "symbol": ":",
    "color": "dark_gray",
    "location": "sights",
    "mod_targets": [ "rifle", "crossbow", "launcher","IRREMOVABLE" ],
    "install_time": "5 m",
    "sight_dispersion": 0,
    "aim_speed_modifier": 20,
    "field_of_view": 300,
    "min_skills": [ [ "weapon", 2 ], [ "gun", 4 ] ],
    "flags": [ "DISABLE_SIGHTS", "ZOOM" ]
  }
  ]