[
{
    "id": "digi_wind_hkmg4",
    "copy-from": "rifle_auto",
    "looks_like": "m249",
    "type": "GUN",
    "name": { "str": "HK MG4[DIGI]轻机枪" },
    "description": "这是一把HK MG4轻机枪,但经历了特殊的改造升级，性能和威力得到史诗级提升。",
    "weight": "7950 g",
    "volume": "3238 ml",
    "longest_side": "1005 mm",
    "price": 1000000,
    "price_postapoc": 45000,
    "to_hit": -1,
    "bashing": 15,
    "material": [ "steel", "plastic" ],
    "symbol": "(",
    "color": "dark_gray",
    "ammo": [ "223" ],
    "ranged_damage": { "damage_type": "electric", "amount": 6 },
    "dispersion": 60,
    "durability": 10,
    "min_cycle_recoil": 1000,
    "reload": 400,
    "modes": [ [ "DEFAULT", "semi-auto", 1 ], [ "AUTO", "auto", 4 ] ],
    "built_in_mods": [ "bipod","adjustable_stock" ],
    "valid_mod_locations": [
      [ "accessories", 4 ],
      [ "barrel", 1 ],
      [ "bore", 1 ],
      [ "brass catcher", 1 ],
      [ "grip", 1 ],
      [ "mechanism", 4 ],
      [ "muzzle", 1 ],
      [ "rail", 1 ],
      [ "sights", 1 ],
      [ "sling", 1 ],
      [ "stock", 1 ]
    ],
    "pocket_data": [ { "pocket_type": "MAGAZINE_WELL", "item_restriction": [ "belt223" ] } ]
  },
  {
    "id": "_digi_mind_sv98",
    "copy-from": "rifle_manual",
    "looks_like": "ar15",
    "type": "GUN",
    "name": { "str": "SV98[MIGI]狙击步枪" },
    "description": "一把SV98狙击步枪，经历过了特殊的改造升级，性能和威力都得到了极强的提升。",
    "weight": "5889 g",
    "volume": " 4768ml",
    "longest_side": "120 cm",
    "price": 870000,
    "price_postapoc": 170000,
    "to_hit": 0,
    "bashing": 12,
    "material": [ "steel" ],
    "ammo": [ "762R" ],
    "range": 50,
    "ranged_damage": { "damage_type": "bullet", "amount": 7 },
    "dispersion": 0,
    "durability": 10,
    "blackpowder_tolerance": 24,
    "reload": 250,
    "barrel_volume": "650 ml",
    "default_mods": [  "bipod", "rifle_scope" ],
    "flags": [ "NEVER_JAMS" ],
    "pocket_data": [ { "pocket_type": "MAGAZINE_WELL", "item_restriction": [ "sv98mag" ] } ]
  },
 {
    "id": "digi_mind_hk416",
    "copy-from": "rifle_auto",
    "looks_like": "m27_assault_rifle",
    "type": "GUN",
    "name": { "str": "HK 416[MIGI]突击步枪" },
    "description": "一把HK416D10RS突击步枪，经历过了特殊的改造升级，性能和威力得到极强的提升。",
    "weight": "3120 g",
    "volume": "4560 ml",
    "longest_side": "709 mm",
    "price": 540000,
    "price_postapoc": "1500USD",
    "to_hit": 0,
    "bashing": 12,
    "material": [ "steel", "plastic" ],
    "symbol": "(",
    "color": "dark_gray",
    "ammo": [ "223" ],
    "ranged_damage": { "damage_type": "bullet", "amount": 5 },
    "dispersion": 50,
    "durability": 10,
    "min_cycle_recoil": 850,
	"valid_mod_locations": [
	  [ "accessories", 4 ],
      [ "barrel", 1 ],
      [ "bore", 1 ],
      [ "brass catcher", 1 ],
      [ "muzzle", 1 ],
      [ "sling", 1 ],
      [ "stock mount", 1 ],
      [ "mechanism", 4 ],
      [ "sights", 2],
      [ "grip", 1 ],
      [ "rail", 1 ],
      [ "underbarrel", 2 ]
    ],
	"default_mods": ["digi_m320_mod"],
    "modes": [ [ "DEFAULT", "semi-auto", 1 ], [ "AUTO", "auto", 4 ] ],
    "pocket_data": [
      {
        "pocket_type": "MAGAZINE_WELL",
        "holster": true,
        "max_contains_volume": "20 L",
        "max_contains_weight": "20 kg",
        "item_restriction": [
          "stanag30",
          "stanag5",
          "stanag10",
          "stanag20",
          "stanag40",
          "stanag50",
          "stanag60",
          "stanag60drum",
          "stanag90",
          "stanag100",
          "stanag100drum",
          "stanag150",
          "survivor223mag"
        ]
      }
    ]
  }
]