[
{
    "id": "g36c",
    "copy-from": "rifle_auto",
    "looks_like": "hk_g36",
    "type": "GUN",
    "name": { "str": "HK G36C突击步枪" },
    "description": "一把短枪管型的G36突击步枪，体积更小，更适合用于近距离作战。",
    "weight": "3230 g",
    "volume": "2250 ml",
    "longest_side": "720 mm",
    "price": 210000,
    "price_postapoc": 10000,
    "to_hit": -1,
    "bashing": 12,
    "material": [ "steel", "plastic" ],
    "symbol": "(",
    "color": "dark_gray",
    "ammo": [ "223" ],
    "dispersion": 140,
    "durability": 8,
    "min_cycle_recoil": 1350,
    "modes": [ [ "DEFAULT", "semi-auto", 1 ], ["BURST", "3 rd.",3 ] ],
    "pocket_data": [ { "pocket_type": "MAGAZINE_WELL", "item_restriction": [ "stanag30",
          "stanag5",
          "stanag5ranger",
          "stanag10",
          "stanag10ranger",
          "stanag20",
          "stanag20ranger",
          "stanag30ranger",
          "stanag40",
          "stanag40ranger",
          "stanag50",
          "stanag60",
          "stanag60drum",
          "stanag90",
          "stanag100",
          "stanag100drum",
          "stanag150",
          "survivor223mag",
          "g36mag_30rd",
          "g36mag_100rd" ] } ]
  }
]