[
{
    "type": "npc_class",
    "id": "JTF_soldier",
    "name": {
      "str": "JTF士兵"
    },
    "job_description": "Protects the town from assailants",
    "common": false,
    "bonus_str": {
      "rng": [
        -1,
        1
      ]
    },
    "bonus_dex": {
      "rng": [
        -2,
        2
      ]
    },
    "bonus_int": {
      "rng": [
        -2,
        2
      ]
    },
    "bonus_per": {
      "rng": [
        0,
        4
      ]
    },
    "worn_override": "JTF_soldier_worn",
    "carry_override": "JTF_soldier_carry",
    "weapon_override": "JTF_soldier_weapon",
    "skills": [
      {
        "skill": "ALL",
        "level": {
          "sum": [
            {
              "dice": [
                3,
                2
              ]
            },
            {
              "constant": -3
            }
          ]
        }
      },
      {
        "skill": "dodge",
        "bonus": {
          "rng": [
            1,
            2
          ]
        }
      },
      {
        "skill": "melee",
        "bonus": {
          "rng": [
            1,
            2
          ]
        }
      },
      {
        "skill": "unarmed",
        "bonus": {
          "rng": [
            1,
            2
          ]
        }
      },
      {
        "skill": "rifle",
        "bonus": {
          "rng": [
            3,
            6
          ]
        }
      },
      {
        "skill": "gun",
        "bonus": {
          "rng": [
            2,
            4
          ]
        }
      }
    ]
  },
  {
    "type": "item_group",
    "id": "JTF_soldier_worn",
    "subtype": "collection",
    "entries": [
      {
        "item": "JTF_esapi"
      },
      {
        "item": "pants_army"
      },
      {
        "item": "legguard_hard"
      },
      {
        "item": "army_top"
      },
      {
        "item": "jacket_army"
      },
      {
        "item": "armguard_hard"
      },
      {
        "item": "beret"
      },
      {
        "item": "two_way_radio"
      },
      {
        "item": "gloves_tactical"
      },
      {
        "item": "socks"
      },
      {
        "item": "boots_combat"
      },
      {
        "item": "canteen"
      },
      {
            "item": "ear_plugs",
            "custom-flags": [
              "no_auto_equip"
            ]
          },
          {
            "item": "knife_combat",
            "container-item": "sheath"
          }
    ]
  },
  {
    "type": "item_group",
    "id": "JTF_soldier_carry",
    "subtype": "collection",
     "magazine": 100,
    "ammo": 100,
    "entries": [
      {
            "item": "stanag30",
            "ammo-item": "556_m855a1",
            "count": 4
      }
    ]
  },
  {
    "type": "item_group",
    "id": "JTF_soldier_weapon",
    "subtype": "collection",
    "magazine": 100,
    "ammo": 100,
    "entries": [
      {
            "item": "m4_carbine",
            "variant": "m4a1",
            "ammo-item": "556_m855a1",
            "contents-item": [
              "shoulder_strap",
              "grip",
              "holo_sight"
            ]
      }
    ]
  }
  ]