[
{
    "type": "npc_class",
    "id": "shd_agent",
    "name": {
      "str": "国土战略局调度员"
    },
    "job_description": "Protects the town from assailants",
    "common": false,
    "bonus_str": {
      "rng": [
        1,
        1
      ]
    },
    "bonus_dex": {
      "rng": [
        2,
        2
      ]
    },
    "bonus_int": {
      "rng": [
        2,
        2
      ]
    },
    "bonus_per": {
      "rng": [
        4,
        4
      ]
    },
    "worn_override": "shd_agent_worn",
    "carry_override": "shd_agent_carry",
    "weapon_override": "shd_agent_weapon",
    "skills": [
      {
        "skill": "ALL",
        "level": {
          "sum": [
            {
              "dice": [
                3,
                2
              ]
            }
          ]
        }
      },
      {
        "skill": "dodge",
        "bonus": {
          "rng": [
            1,
            2
          ]
        }
      },
      {
        "skill": "melee",
        "bonus": {
          "rng": [
            1,
            2
          ]
        }
      },
      {
        "skill": "unarmed",
        "bonus": {
          "rng": [
            1,
            2
          ]
        }
      },
      {
        "skill": "rifle",
        "bonus": {
          "rng": [
            3,
            6
          ]
        }
      },
      {
        "skill": "gun",
        "bonus": {
          "rng": [
            2,
            4
          ]
        }
      }
    ]
  },
  {
    "type": "item_group",
    "id": "shd_agent_worn",
    "subtype": "collection",
    "entries": [
      {
        "item": "shd_esapi"
      },
      {
        "item": "shd_jacket"
      },
      {
        "item": "shd_gloves"
      },
      {
        "item": "shd_pants"
      },
      {
        "item": "shd_boots"
      },
      {
        "item": "shd_mask"
      },
      {
        "item": "boxer_shorts"
      },
      {
        "item": "molle_pack"
      },
      {
        "item": "socks"
      },
      {
            "item": "ear_plugs",
            "custom-flags": [
              "no_auto_equip"
            ]
          },
          {
            "item": "knife_combat",
            "container-item": "sheath"
          }
    ]
  },
  {
    "type": "item_group",
    "id": "shd_agent_carry",
    "subtype": "collection",
    "entries": [{
            "item": "tdi_mag",
            "ammo-item": "45_acp",
            "count": 4
  } ]
  },
  {
    "type": "item_group",
    "id": "shd_agent_weapon",
    "subtype": "collection",
    "magazine": 100,
    "ammo": 100,
    "entries": [
      {
            "item": "first_wave_TDI",
            "ammo-item": "45_acp",
            "contents-item": [
              "shoulder_strap",
              "grip",
              "holo_sight"
            ]
      }
    ]
  }
  ]