[
{
	"id":"LMB_Rifleman",
	"type":"MONSTER",
	"name":{"str":"步枪手"},
	"looks_like": "mon_zombie_soldier",
	"description":"一名幸存者军队的步枪手，装备着一流的护甲和一把P416。他们的训练和一流的装备让他们不容小觑。",
	"default_faction":"military",
	"species":["HUMAN"],
	"diff":30,
	"volume":"75000ml",
	"weight":"81500g",
	"hp":120,
	"speed":90,
	"material":["flesh"],
	"symbol":"@",
	"color":"white",
	"aggression":40,
	"morale":100,
	"melee_skill":5,
	"melee_dice":5,
	"melee_dice_sides":5,
	"melee_damage": [ { "damage_type": "cut", "amount": 5 } ],
	"dodge":3,
	"armor_bash":23,
	"armor_cut":25,
	"armor_bullet":25,
	"vision_day":40,
	"vision_night":8,
	"path_settings": {"max_dist": 10},
	"starting_ammo":{"556":3000},
	"special_attacks":[
	{
		"type":"gun",
		"cooldown":4,
		"gun_type":"p416",
		"ammo_type":"556",
		"fake_skills":[["gun",5],["rifle",5]],
		"ranges":[[2,5,"AUTO"],[6,23,"DEFAULT"]],
            "require_targeting_player": true,
            "require_targeting_npc": true,
            "require_targeting_monster": true,
            "targeting_sound": "\"有敌人接近，我在瞄准。\"",
            "targeting_volume": 50,
            "targeting_cost": 130
	},
	["BIO_OP_TAKEDOWN",15]
	],
	"death_drops":"last_man_battletion_rifleman",
	"harvest":"zombie",
	"flags":[
	"SEES",
	"HEARS",
	"SMELLS",
	"WARM",
	"CLIMBS",
	"PATH_AVOID_DANGER_1",
	"CAN_OPEN_DOORS",
	"PRIORITIZE_TARGETS",
	"PLASTIC"
 ]
},
{
	"id":"LMB_Grenadier",
	"type":"MONSTER",
	"name":{"str":"榴弹手"},
	"looks_like": "mon_zombie_soldier",
	"description":"一名幸存者军队的爆破手，装备着一流的重型护甲和一把MGL榴弹发射器。他们是队伍里的爆破专家，在战场上使用危险的弹药轻易摧毁对手。",
	"default_faction":"military",
	"species":["HUMAN"],
	"diff":30,
	"volume":"75000ml",
    "weight": "81500 g",
	"hp":135,
	"speed":85,
	"material":["flesh"],
	"symbol":"@",
	"color":"white",
	"aggression":40,
	"morale":100,
	"melee_skill":5,
	"melee_dice":5,
	"melee_dice_sides":5,
	"melee_damage": [ { "damage_type": "cut", "amount": 5 } ],
	"dodge":3,
	"armor_bash":27,
	"armor_cut":30,
	"armor_bullet":30,
	"vision_day":40,
	"vision_night":5,
	"path_settings": {"max_dist": 15},
	"starting_ammo":{"40x46mm_m433":300},
	"special_attacks":[
	{
		"type":"gun",
		"cooldown":5,
		"gun_type":"mosters_mgl",
		"ammo_type":"40x46mm_m433",
		"fake_skills":[["launcher",5],["gun",5]],
		"fake_str":8,
		"fake_dex": 6,
		"fake_per":5,
          "ranges":[[4,25,"DEFAULT"]],
           "require_targeting_player": true,
           "require_targeting_npc": true,
           "require_targeting_monster": true,
           "targeting_sound": "\"发现敌人，发射榴弹中。\"",
           "targeting_volume": 50,
           "targeting_cost": 330
	},
	["BIO_OP_TAKEDOWN",12]
	],
	"death_drops":"lmb_grenadier_group",
	"harvest":"zombie",
     "flags":[
     "SEES",
     "HEARS",
     "SMELLS",
     "WARM",
     "CLIMBS",
     "PATH_AVOID_DANGER_1",
     "CAN_OPEN_DOORS",
     "PRIORITIZE_TARGETS",
     "PLASTIC"
 ]
},
{
	"id":"LMB_scout",
	"type":"MONSTER",
	"name":{"str":"斥候"},
	"looks_like": "mon_zombie_soldier",
	"description":"一名幸存者军队的侦察兵，装备着轻便的护甲和一把MP5。侦察兵是近距离作战部队，在战场上严重充满威胁。",
	"default_faction":"military",
	"species":["HUMAN"],
	"diff":30,
	"volume":"75000ml",
    "weight": "81500 g",
	"hp":90,
	"speed":115,
	"material":["flesh"],
	"symbol":"@",
	"color":"white",
	"aggression":40,
	"morale":100,
	"melee_skill":8,
	"melee_dice":5,
	"melee_dice_sides":5,
	"melee_damage": [ { "damage_type": "cut", "amount": 5 } ],
	"dodge":5,
	"armor_bash":17,
	"armor_cut":20,
	"armor_bullet":20,
	"vision_day":40,
	"vision_night":7,
	"starting_ammo":{"9mm":3000},
	"special_attacks":[
	{
		"type":"gun",
		"cooldown":2,
		"gun_type":"hk_mp5",
		"ammo_type":"9mm",
		"fake_skills":[["gun",4]],
		"ranges":[[2,14,"AUTO"]],
            "require_targeting_player": true,
            "require_targeting_npc": true,
            "require_targeting_monster": true,
            "targeting_sound": "\"有敌人!全部人戒备!\"",
            "targeting_volume": 50,
            "targeting_cost": 50
	},
	["BIO_OP_TAKEDOWN",12]
	],
	"death_drops":"last_man_battletion_scout",
	"harvest":"zombie",
	"flags":[
	"SEES",
	"HEARS",
	"SMELLS",
	"WARM",
	"CLIMBS",
	"PATH_AVOID_DANGER_1",
	"CAN_OPEN_DOORS",
	"PRIORITIZE_TARGETS",
	"PLASTIC"
 ]
},
{
	"id":"LMB_Assault",
	"type":"MONSTER",
	"name":{"str":"突击手"},
	"looks_like": "mon_zombie_soldier",
	"description":"一名幸存者军队的冲锋者，装备着轻便的护甲和一把SAGA12K霰弹枪。突击兵是近距离作战部队，在战场上严重充满危险。",
	"default_faction":"military",
	"species":["HUMAN"],
	"diff":30,
	"volume":"75000ml",
     "weight": "81500 g",
	"hp":100,
	"speed":125,
	"material":["flesh"],
	"symbol":"@",
	"color":"white",
	"aggression":40,
	"morale":100,
	"melee_skill":10,
	"melee_dice":6,
	"melee_dice_sides":6,
	"melee_damage": [ { "damage_type": "cut", "amount": 4 } ],
	"dodge":6,
	"armor_bash":17,
	"armor_cut":20,
	"armor_bullet":20,
	"vision_day":40,
	"vision_night":7,
	"starting_ammo":{"shot_00":300},
	"special_attacks":[
	{
		"type":"gun",
		"cooldown":2,
		"gun_type":"saiga_12",
		"ammo_type":"shot_00",
		"fake_skills":[["shotgun",5],["gun",5]],
          "ranges":[[1,12,"DEFAULT"]],
            "require_targeting_player": true,
            "require_targeting_npc": true,
            "require_targeting_monster": true,
            "targeting_sound": "\"突击!突击!\"",
            "targeting_volume": 50,
            "targeting_cost": 50
	},
	["BIO_OP_TAKEDOWN",10]
	],
	"death_drops":"last_man_battletion_assault",
	"harvest":"zombie",
	"flags":[
	"SEES",
	"HEARS",
	"SMELLS",
	"WARM",
	"CLIMBS",
	"PATH_AVOID_DANGER_1",
	"CAN_OPEN_DOORS",
	"PRIORITIZE_TARGETS",
	"PLASTIC"
 ]
},
{
	"id":"LMB_Sniper",
	"type":"MONSTER",
	"name":{"str":"狙击手"},
	"looks_like": "mon_zombie_soldier",
	"description":"一名幸存者军队的狙击手，装备着一流的护甲和一把SRSA3。狙击手们狡猾而善于算计敌人，有着不俗的射击技术。",
	"default_faction":"military",
	"species":["HUMAN"],
	"diff":30,
	"volume":"75000ml",
    "weight": "81500 g",
	"hp":90,
	"speed":80,
	"material":["flesh"],
	"symbol":"@",
	"color":"white",
	"aggression":40,
	"morale":100,
	"melee_skill":5,
	"melee_dice":5,
	"melee_dice_sides":5,
	"melee_damage": [ { "damage_type": "cut", "amount": 5 } ],
	"dodge":4,
	"armor_bash":15,
	"armor_cut":17,
	"armor_bullet":17,
	"vision_day":45,
	"vision_night":10,
	"path_settings": { "max_dist": 25 },
	"starting_ammo":{"762_51":300},
	"special_attacks":[
	{
		"type":"gun",
		"cooldown":4,
		"gun_type":"srs",
		"ammo_type":"762_51",
		"fake_skills":[["rifle",5],["gun",5]],
          "ranges":[[5,40,"DEFAULT"]],
            "require_targeting_player": true,
            "require_targeting_npc": true,
            "require_targeting_monster": true,
            "targeting_sound": "\"我在瞄准敌人。\"",
            "targeting_volume": 50,
            "targeting_cost": 200
	},
	["BIO_OP_TAKEDOWN",15]
	],
	"death_drops":"last_man_battletion_sniper",
	"harvest":"zombie",
	"flags":[
	"SEES",
	"HEARS",
	"SMELLS",
	"WARM",
	"CLIMBS",
	"PATH_AVOID_DANGER_1",
	"CAN_OPEN_DOORS",
	"PRIORITIZE_TARGETS",
	"PLASTIC"
 ]
},
{
	"id":"LMB_Engineer",
	"type":"MONSTER",
	"name":{"str":"工程兵"},
	"looks_like": "mon_zombie_soldier",
	"description":"一名幸存者军队的战斗工程师，装备着一流的护甲和一把M16A4突击步枪。",
	"default_faction":"military",
	"species":["HUMAN"],
	"diff":30,
	"volume":"75000ml",
     "weight": "81500 g",
	"hp":115,
	"speed":85,
	"material":["flesh"],
	"symbol":"@",
	"color":"white",
	"aggression":40,
	"morale":100,
	"melee_skill":5,
	"melee_dice":5,
	"melee_dice_sides":5,
	"melee_damage": [ { "damage_type": "cut", "amount": 5 } ],
	"dodge":4,
	"armor_bash":23,
	"armor_cut":25,
	"armor_bullet":25,
	"vision_day":35,
	"vision_night":6,
	"path_settings": {"max_dist": 5 },
	"starting_ammo":{
	"shot_00":300,
     "bot_flashbang_hack": 20,
     "bot_gasbomb_hack": 20},
	"special_attacks":[{
		"type":"gun",
		"cooldown":3,
		"gun_type":"remington_870_express",
		"ammo_type":"shot_00",
		"fake_skills":[["shotgun",5],["gun",5]],
          "ranges":[[1,12,"DEFAULT"]],
            "require_targeting_player": true,
            "require_targeting_npc": true,
            "require_targeting_monster": true,
            "targeting_sound": "\"敌方接近!我需要增援!\"",
            "targeting_volume": 50,
            "targeting_cost": 150
	},
	["BIO_OP_TAKEDOWN",15],
	["GRENADIER_ELITE",4]
	],
	"death_drops":"last_man_battletion_engineer",
	"harvest":"zombie",
	"flags":[
	"SEES",
	"HEARS",
	"SMELLS",
	"WARM",
	"CLIMBS",
	"PATH_AVOID_DANGER_1",
	"CAN_OPEN_DOORS",
	"PRIORITIZE_TARGETS",
	"PLASTIC"
]
},
{
	"id":"LMB_Medic",
	"type":"MONSTER",
	"//":"因为作者技术力过低，暂时无法做出治疗队友(高兴吧，你不会知道打传奇本时的这货多能奶)",
	"name":{"str":"医疗兵"},
	"looks_like": "mon_zombie_soldier",
	"description":"一名幸存者军队的战斗军医，装备着一流的护甲和一把AUG。",
	"default_faction":"military",
	"species":["HUMAN"],
	"diff":30,
	"volume":"75000ml",
    "weight": "81500 g",
	"hp":125,
	"speed":85,
	"material":["flesh"],
	"symbol":"@",
	"color":"white",
	"aggression":40,
	"morale":100,
	"melee_skill":5,
	"melee_dice":5,
	"melee_dice_sides":5,
	"melee_damage": [ { "damage_type": "cut", "amount": 5 } ],
	"dodge":5,
	"armor_bash":13,
	"armor_cut":25,
	"armor_bullet":25,
	"vision_day":40,
	"vision_night":7,
	"path_settings": { "max_dist": 15 },
	"starting_ammo":{"556":3000},
	"special_attacks":[
	{
		"type":"gun",
		"cooldown":3,
		"gun_type":"steyr_aug",
		"ammo_type":"556",
		"fake_skills":[["rifle",5],["gun",5]],
		"ranges":[[2,5,"AUTO"],[6,24,"DEFAULT"]],
          "require_targeting_player": true,
          "require_targeting_npc": true,
          "require_targeting_monster": true,
          "targeting_sound": "\"为队友提供掩护中。\"",
          "targeting_volume": 50,
          "targeting_cost": 150
	},
	["BIO_OP_TAKEDOWN",30]
	],
	"death_drops":"last_man_battletion_medic",
	"harvest":"zombie",
	"regenerates": 3,
    "regen_morale": true,
    "flags":[
    "SEES",
    "HEARS",
    "SMELLS",
    "WARM",
    "CLIMBS",
    "PATH_AVOID_DANGER_1",
    "CAN_OPEN_DOORS",
    "PRIORITIZE_TARGETS",
    "PLASTIC"
 ]
},
{
	"id":"LMB_Gunner",
	"type":"MONSTER",
	"name":{"str":"重火力手"},
	"looks_like": "mon_zombie_soldier",
	"description":"一名幸存者军队的火力手，装备着一流的重型护甲和一把M60E4。",
	"default_faction":"military",
	"species":["HUMAN"],
	"diff":30,
	"volume":"135000ml",
     "weight": "90000 g",
	"hp":145,
	"speed":75,
	"material":["flesh"],
	"symbol":"@",
	"color":"white",
	"aggression":40,
	"morale":100,
	"melee_skill":5,
	"melee_dice":5,
	"melee_dice_sides":5,
	"melee_damage": [ { "damage_type": "cut", "amount": 5 } ],
	"dodge":2,
	"armor_bash":33,
	"armor_cut":37,
	"armor_bullet":37,
	"vision_day":40,
	"vision_night":7,
	"path_settings": { "max_dist": 18 },
	"starting_ammo":{"308":6000},
	"special_attacks":[{
		"type":"gun",
		"cooldown":1,
		"gun_type":"mosters_m60e4",
		"ammo_type":"308",
		"fake_skills":[["rifle",6],["gun",6]],
		"ranges":[[1,25,"DEFAULT"]],
          "require_targeting_player": true,
          "require_targeting_npc": true,
          "require_targeting_monster": true,
          "targeting_sound": "\"掩护火力正在部署。\"",
          "targeting_volume": 50,
          "targeting_cost": 300
	},
	["BIO_OP_TAKEDOWN",30]
	],
	"death_drops":"last_man_battletion_gunner",
	"harvest":"zombie",
	"flags":[
	"SEES",
	"HEARS",
	"SMELLS",
	"WARM",
	"CLIMBS",
	"PATH_AVOID_DANGER_1",
	"CAN_OPEN_DOORS",
	"PRIORITIZE_TARGETS",
	"PLASTIC"
 ]
},
{
	"id":"LMB_squad_leader",
	"type":"MONSTER",
	"name":{"str":"火力组组长"},
	"looks_like": "mon_zombie_soldier",
	"description":"一名来自幸存者军队的火力组队长，她很可能来自75游骑兵团。她身上穿着优秀的防护装备，拥有丰富的战斗经验，手上拿着一把军规P416，将指挥她的小队进行战斗。",
	"default_faction":"military",
	"species":["HUMAN"],
	"diff":30,
	"volume":"75000ml",
    "weight": "81500 g",
	"hp":135,
	"speed":85,
	"material":["flesh"],
	"symbol":"@",
	"color":"white",
	"aggression":40,
	"morale":100,
	"melee_skill":5,
	"melee_dice":5,
	"melee_dice_sides":5,
	"melee_damage": [ { "damage_type": "cut", "amount": 5 } ],
	"dodge":1,
	"armor_bash":25,
	"armor_cut":27,
	"armor_bullet":27,
	"vision_day":44,
	"vision_night":11,
	"path_settings": {"max_dist":20},
	"starting_ammo":{"556":3000},
	"special_attacks":[
	{
		"type":"gun",
		"cooldown":2,
		"gun_type":"military_p416",
		"ammo_type":"556",
		"fake_skills":[["rifle",6],["gun",6]],
		"ranges":[[2,6,"AUTO"],[7,25,"DEFAULT"]],
          "require_targeting_player": true,
          "require_targeting_npc": true,
          "require_targeting_monster": true,
          "targeting_sound": "\"报告全队，与目标发生交火。\"",
          "targeting_volume": 50,
          "targeting_cost": 100
	},
	["BIO_OP_TAKEDOWN",30],
        {"type": "spell",
        "spell_data": {"id": "LMB_squad_buff"},
        "cooldown": 5,
        "monster_message": "<color_light_red>幸存者军队小队队长正在指挥士兵冲锋!！</color>"
      }
	],
	"death_drops":"last_man_battletion_squad_leader",
	"harvest":"zombie",
	"flags":[
	"SEES",
	"HEARS",
	"SMELLS",
	"WARM",
	"CLIMBS",
	"PATH_AVOID_DANGER_1",
	"CAN_OPEN_DOORS",
	"PRIORITIZE_TARGETS",
	"PLASTIC"
 ]
},
{
	"id":"Rouge_agent",
	"type":"MONSTER",
	"//":"没有核能黏弹，没有恶心人的炮台，不会黑你炮台",
	"name":{"str":"叛变特工"},
	"looks_like": "mon_zombie_soldier",
	"description":"他曾经也是一名致力于维护秩序的国土战略局特工，不知什么原因选择了叛变。现在他生存的守则只有一个——冷酷无情的淘汰弱者。",
	"default_faction":"military",
	"species":["HUMAN"],
	"diff":30,
	"volume":"75000ml",
    "weight": "81500 g",
	"hp":350,
	"speed":90,
	"material":["flesh"],
	"symbol":"@",
	"color":"white",
	"aggression":40,
	"morale":100,
	"melee_skill":8,
	"melee_dice":5,
	"melee_dice_sides":6,
	"melee_damage": [ { "damage_type": "cut", "amount": 5 } ],
	"dodge":5,
	"armor_bash":30,
	"armor_cut":33,
	"armor_bullet":33,
	"vision_day":40,
	"vision_night":12,
	"path_settings": {"max_dist": 20},
	"starting_ammo":{
		"300blk":3000,
		"bot_c4_hack": 1,
        "bot_flashbang_hack": 30,
        "bot_gasbomb_hack": 30,
        "bot_grenade_hack": 5
	},
	"special_attacks":[
	{
		"type":"gun",
		"cooldown":4,
		"gun_type":"acr_300blk",
		"ammo_type":"300blk",
		"fake_skills":[["rifle",5],["gun",5]],
		"ranges":[[2,5,"AUTO"],[6,27,"DEFAULT"]],
          "require_targeting_player": true,
          "require_targeting_npc": true,
          "require_targeting_monster": true,
          "targeting_sound": "\"我在开火 \"",
          "targeting_volume": 50,
          "targeting_cost": 100
	},
	["GRENADIER_ELITE",4],
	["BIO_OP_TAKEDOWN",10]
	],
	"death_drops":"last_man_battletion_rouge_agent",
	"harvest":"zombie",
	"regenerates": 5,
    "regen_morale": true,
    "flags":[
    "SEES",
    "HEARS",
    "SMELLS",
    "WARM",
    "CLIMBS",
    "PATH_AVOID_DANGER_1",
    "CAN_OPEN_DOORS",
    "PRIORITIZE_TARGETS",
    "PLASTIC"
 ]
},
{
	"id":"agent_hunter",
	"type":"MONSTER",
	"//":"不会一刀倒+处决，不会放emp",
	"name":{"str":"???"},
	"looks_like": "mon_zombie_soldier",
	"description":"一名身着黑色特种作战服的武装人员，手上拿着一把AN94。他身上装满着各类单兵装备，脸上带着一个黑色的面具。不知为何，你觉得最好离他远一些....",
	"default_faction":"military",
	"species":["HUMAN"],
	"diff":30,
	"volume":"75000ml",
    "weight": "81500 g",
	"hp":500,
	"speed":95,
	"material":["flesh"],
	"symbol":"@",
	"color":"white",
	"aggression":80,
	"morale":80,
	"melee_skill":10,
	"melee_dice":8,
	"melee_dice_sides":6,
	"melee_damage": [ { "damage_type": "cut", "amount": 12 } ],
	"dodge":3,
	"armor_bash":35,
	"armor_cut":40,
	"armor_bullet":40,
	"vision_day":45,
	"vision_night":12,
	"path_settings": {"max_dist": 20},
	"starting_ammo":{
		"545":3000,
		"bot_c4_hack": 1,
        "bot_flashbang_hack": 40,
        "bot_gasbomb_hack": 40,
        "bot_grenade_hack": 3
	},
	"special_attacks":[
	{
		"type":"gun",
		"cooldown":3,
		"gun_type":"an94",
		"ammo_type":"545",
		"fake_skills":[["rifle",10],["gun",10]],
		"ranges":[[2,5,"AUTO"],[6,30,"DEFAULT"]],
          "require_targeting_player": true,
          "require_targeting_npc": true,
          "require_targeting_monster": true,
          "targeting_cost": 80
	},
	["BIO_OP_TAKEDOWN",30],
	["GRENADIER_ELITE",12]
	],
	"death_drops":"last_man_battletion_agent_hunter",
	"harvest":"zombie",
	"regenerates": 9,
	"regen_morale": true,
     "flags":[
     "SEES",
     "HEARS",
     "SMELLS",
     "WARM",
     "CLIMBS",
     "PATH_AVOID_DANGER_1",
     "CAN_OPEN_DOORS",
     "PRIORITIZE_TARGETS",
     "PLASTIC"
 ]
}
]