[
{
	"id":"Rouge_agent_Bumblebee",
	"type":"MONSTER",
	"//":"俄国大使馆boss,“让我们看看第二波的实力如何”",
	"name":{"str":"叛变特工-大黄蜂"},
	"looks_like": "mon_zombie_soldier",
	"description":"他曾经也是一名致力于维护秩序的国土战略局特工，不知什么原因选择了叛变并加入了幸存者军队。现在他生存的守则只有一个——冷酷无情的淘汰弱者。这个叛变特工是第一波特工，即使是在脱离组织的特工里也是有名的存在。",
	"default_faction":"military",
	"species":["HUMAN"],
	"diff":30,
	"volume":"75000ml",
    "weight": "81500 g",
	"hp":400,
	"speed":90,
	"material":["flesh"],
	"symbol":"@",
	"color":"white",
	"aggression":40,
	"morale":100,
	"melee_skill":9,
	"melee_dice":7,
	"melee_dice_sides":6,
	"melee_damage": [ { "damage_type": "cut", "amount": 8 } ],
	"dodge":5,
	"armor_bash":50,
	"armor_cut":50,
	"armor_bullet":40,
	"vision_day":40,
	"vision_night":12,
	"path_settings": {"max_dist": 20},
	"starting_ammo":{
	   "300blk":3000,
	   "bot_c4_hack": 1,
        "bot_flashbang_hack": 30,
        "bot_gasbomb_hack": 30,
        "bot_grenade_hack": 5
	},
	"special_attacks":[
	{
		"type":"gun",
		"cooldown":4,
		"gun_type":"acr_300blk",
		"ammo_type":"300blk",
		"fake_skills":[["rifle",5],["gun",5]],
		"ranges":[[2,5,"AUTO"],[6,27,"DEFAULT"]],
          "require_targeting_player": true,
          "require_targeting_npc": true,
          "require_targeting_monster": true,
          "targeting_cost": 100
	},
	["GRENADIER_ELITE",13],
	["BIO_OP_TAKEDOWN",25]
	],
	"death_drops":"last_man_battletion_rouge_agent",
	"harvest":"zombie",
	"regenerates": 6,
    "regen_morale": true,
    "flags":[
    "SEES",
    "HEARS",
    "SMELLS",
    "WARM",
    "CLIMBS",
    "PATH_AVOID_DANGER_1",
    "CAN_OPEN_DOORS",
    "PRIORITIZE_TARGETS",
    "PLASTIC"
 ]
},
{
	"id":"Rouge_agent_Velociraptor",
	"type":"MONSTER",
	"//":"联合国大厦本两个叛变特工之一（基纳：我先跑路了）",
	"name":{"str":"叛变特工-迅猛龙"},
	"looks_like": "mon_zombie_soldier",
	"description":"他曾经也是一名致力于维护秩序的国土战略局特工，不知什么原因选择了叛变并加入了幸存者军队。现在他生存的守则只有一个——冷酷无情的淘汰弱者。这个叛变特工是第一波特工，即使是在脱离组织的特工里也是有名的存在。",
	"default_faction":"military",
	"species":["HUMAN"],
	"diff":30,
	"volume":"75000ml",
    "weight": "81500 g",
	"hp":400,
	"speed":90,
	"material":["flesh"],
	"symbol":"@",
	"color":"white",
	"aggression":40,
	"morale":100,
	"melee_skill":9,
	"melee_dice":7,
	"melee_dice_sides":6,
	"melee_damage": [ { "damage_type": "cut", "amount": 8 } ],
	"dodge":5,
	"armor_bash":50,
	"armor_cut":50,
	"armor_bullet":40,
	"vision_day":40,
	"vision_night":12,
	"path_settings": {"max_dist": 20},
	"starting_ammo":{
	"300blk":3000,
	"bot_c4_hack": 1,
     "bot_flashbang_hack": 30,  
     "bot_gasbomb_hack": 30,
     "bot_grenade_hack": 5
	},
	"special_attacks":[
	{
		"type":"gun",
		"cooldown":4,
		"gun_type":"acr_300blk",
		"ammo_type":"300blk",
		"fake_skills":[["rifle",5],["gun",5]],
		"ranges":[[2,5,"AUTO"],[6,27,"DEFAULT"]],
          "require_targeting_player": true,
          "require_targeting_npc": true,
          "require_targeting_monster": true,
          "targeting_cost": 100
	},
	["GRENADIER_ELITE",6],
	["BIO_OP_TAKEDOWN",25]
	],
	"death_drops":"last_man_battletion_rouge_agent",
	"harvest":"zombie",
	"regenerates": 6,
    "regen_morale": true,
    "flags":[
    "SEES",
    "HEARS",
    "SMELLS",
    "WARM",
    "CLIMBS",
    "PATH_AVOID_DANGER_1",
    "CAN_OPEN_DOORS",
    "PRIORITIZE_TARGETS",
    "PLASTIC"
 ]
},
{
	"id":"Rouge_agent_scarecrow",
	"type":"MONSTER",
	"//":"玩家会遇到的第一个叛变特工，在警察学校当boss“抱歉，但你不是一线人员。”",
	"name":{"str":"叛变特工-稻草人"},
	"looks_like": "mon_zombie_soldier",
	"description":"他曾经也是一名致力于维护秩序的国土战略局特工，不知什么原因选择了叛变并加入了幸存者军队。现在他生存的守则只有一个——冷酷无情的淘汰弱者。这个叛变特工是第一波特工，即使是在脱离组织的特工里也是有名的存在。",
	"default_faction":"military",
	"species":["HUMAN"],
	"diff":30,
	"volume":"75000ml",
    "weight": "81500 g",
	"hp":400,
	"speed":90,
	"material":["flesh"],
	"symbol":"@",
	"color":"white",
	"aggression":40,
	"morale":100,
	"melee_skill":9,
	"melee_dice":7,
	"melee_dice_sides":6,
	"melee_damage": [ { "damage_type": "cut", "amount": 8 } ],
	"dodge":5,
	"armor_bash":50,
	"armor_cut":50,
	"armor_bullet":40,
	"vision_day":40,
	"vision_night":12,
	"path_settings": {"max_dist": 20},
	"starting_ammo":{
		"300blk":3000,
		"bot_c4_hack": 1,
        "bot_flashbang_hack": 30,
        "bot_gasbomb_hack": 30,
        "bot_grenade_hack": 5
	},
	"special_attacks":[
	{
		"type":"gun",
		"cooldown":3,
		"gun_type":"acr_300blk",
		"ammo_type":"300blk",
		"fake_skills":[["rifle",5],["gun",5]],
		"ranges":[[2,5,"AUTO"],[6,27,"DEFAULT"]],
          "require_targeting_player": true,
          "require_targeting_npc": true,
          "require_targeting_monster": true,
          "targeting_cost": 100
	},
	["GRENADIER_ELITE",6],
	["BIO_OP_TAKEDOWN",25]
	],
	"death_drops":"last_man_battletion_rouge_agent",
	"harvest":"zombie",
	"regenerates": 6,
    "regen_morale": true,
    "flags":[
    "SEES",
    "HEARS",
    "SMELLS",
    "WARM",
    "CLIMBS",
    "PATH_AVOID_DANGER_1",
    "CAN_OPEN_DOORS",
    "PRIORITIZE_TARGETS",
    "PLASTIC"
 ]
},
{
	"id":"MISSION_agent_hunter",
	"type":"MONSTER",
	"//":"这是任务专用怪物，目的是为了生成任务物品",
	"name":{"str":"???"},
	"looks_like": "mon_zombie_soldier",
	"description":"一名身穿黑色作战服的...人?她全身上下都穿着各种装备，黑色的头盔中露出的那一缕银发让你感到不安。她的身份曾经是个谜团，但是现在她已经跟LMB的士兵并肩战斗，并猎杀一切敌人。",
	"default_faction":"military",
	"species":["HUMAN"],
	"diff":30,
	"volume":"75000ml",
    "weight": "81500 g",
	"hp":550,
	"speed":105,
	"material":["flesh"],
	"symbol":"@",
	"color":"white",
	"aggression":100,
	"morale":80,
	"melee_skill":10,
	"melee_dice":6,
	"melee_dice_sides":6,
	"melee_damage": [ { "damage_type": "cut", "amount": 8 } ],
	"dodge":3,
	"armor_bash":65,
	"armor_cut":45,
	"armor_bullet":43,
	"vision_day":45,
	"vision_night":12,
	"path_settings": {"max_dist": 20},
	"starting_ammo":{
		"545":800,
		"bot_c4_hack": 1,
        "bot_flashbang_hack": 40,
        "bot_gasbomb_hack": 40,
        "bot_grenade_hack": 3
	},
	"special_attacks":[
	{
		"type":"gun",
		"cooldown":3,
		"gun_type":"moster_rpk16",
		"ammo_type":"545",
		"fake_skills":[["rifle",10],["gun",10]],
		"ranges":[[2,5,"AUTO"],[6,30,"DEFAULT"]],
            "require_targeting_player": true,
            "require_targeting_npc": true,
            "require_targeting_monster": true,
            "targeting_cost": 80
	},
	["BIO_OP_TAKEDOWN",30],
	["GRENADIER_ELITE",6]
	],
	"death_drops":"last_man_battletion_MISSION_agent_hunter",
	"harvest":"zombie",
	"regenerates": 9,
    "regen_morale": true,
    "flags":[
    "SEES",
    "HEARS",
    "SMELLS",
    "WARM",
    "CLIMBS",
    "PATH_AVOID_DANGER_1",
    "CAN_OPEN_DOORS",
    "PRIORITIZE_TARGETS",
    "PLASTIC"
 ]
},
{
	"id":"lmb_scav",
	"type":"MONSTER",
	"name":{"str":"巡逻士兵"},
	"looks_like": "mon_zombie_soldier",
	"description":"这名幸存者军队的士兵似乎曾经是一名国民警卫队的士兵，或是加入了幸存者军队后受过训练的平民。不管如何，他的装备虽然没有那些据点里的士兵好，但是手上的P416仍然致命。",
	"default_faction":"military",
	"species":["HUMAN"],
	"diff":30,
	"volume":"75000ml",
	"weight":"81500g",
	"hp":100,
	"speed":80,
	"material":["flesh"],
	"symbol":"@",
	"color":"white",
	"aggression":45,
	"morale":100,
	"melee_skill":3,
	"melee_dice":3,
	"melee_dice_sides":4,
	"melee_damage": [ { "damage_type": "cut", "amount": 3 } ],
	"dodge":1,
	"armor_bash":15,
	"armor_cut":17,
	"armor_bullet":17,
	"vision_day":36,
	"vision_night":4,
	"path_settings": {"max_dist": 15},
	"starting_ammo":{"556":200},
	"special_attacks":[
	{
		"type":"gun",
		"cooldown":6,
		"gun_type":"p416",
		"ammo_type":"556",
		"fake_skills":[["gun",4],["rifle",4]],
		"ranges":[[2,3,"AUTO"],[4,20,"DEFAULT"]],
            "require_targeting_player": true,
            "require_targeting_npc": true,
            "require_targeting_monster": true,
            "laser_lock": true,
            "targeting_sound": "\"这里发现敌人，正在交火。\"",
            "targeting_volume": 30,
            "targeting_cost": 150
	}
	],
	"death_drops":"lmb_scav_group",
	"harvest":"zombie",
	"flags":[
	"SEES",
	"HEARS",
	"SMELLS",
	"WARM",
	"CLIMBS",
	"PATH_AVOID_DANGER_1",
	"CAN_OPEN_DOORS",
	"PRIORITIZE_TARGETS",
	"PLASTIC"
 ]
}
]