[
  {
    "type": "mapgen",
    "method": "json",
    "update_mapgen_id": "mx_lmb_patrol",
    "object": { "place_nested": [ { "chunks": [ "mx_lmb_patrol" ], "x": 0, "y": 0 } ] }
  },
  {
    "type": "mapgen",
    "method": "json",
    "nested_mapgen_id": "mx_lmb_patrol",
    "object": {
      "mapgensize": [
        3,
        3
      ],
      "rotation": [
        0,
        3
      ],
      "place_monster": [
        {
          "monster": "lmb_scav",
          "x": 10,
          "y": 10
          },
          {
          "monster": "lmb_scav",
          "x": 11,
          "y": 11
          },
          {
          "monster": "lmb_scav",
          "x": 12,
          "y": 12
          },
          {
          "monster": "lmb_scav",
          "x": 9,
          "y": 9
          },
          {
          "monster": "LMB_squad_leader",
          "x": 9,
          "y": 10
          }
          ]
          }
          },
  {
    "type": "mapgen",
    "method": "json",
    "update_mapgen_id": "mx_lmb_scout",
    "object": { "place_nested": [ { "chunks": [ "mx_lmb_scout" ], "x": 0, "y": 0 } ] }
  },
  {
    "type": "mapgen",
    "method": "json",
    "nested_mapgen_id": "mx_lmb_scout",
    "object": {
      "mapgensize": [
        3,
        3
      ],
      "rotation": [
        0,
        3
      ],
    "place_monster": [
        {
          "monster": "LMB_scout",
          "x": 10,
          "y": 10
          },
          {
          "monster": "LMB_scout",
          "x": 11,
          "y": 11
          },
          {
          "monster": "LMB_scout",
          "x": 12,
          "y": 12
          },
          {
          "monster": "LMB_scout",
          "x": 9,
          "y": 9
          },
          {
          "monster": "LMB_squad_leader",
          "x": 9,
          "y": 10
          }
          ]
          }
          },
          {
    "type": "mapgen",
    "method": "json",
    "update_mapgen_id": "mx_lmb_raiders",
    "object": { "place_nested": [ { "chunks": [ "mx_lmb_raiders" ], "x": 0, "y": 0 } ] }
  },
  {
    "type": "mapgen",
    "method": "json",
    "nested_mapgen_id": "mx_lmb_raiders",
    "object": {
      "mapgensize": [
        3,
        3
      ],
      "rotation": [
        0,
        3
      ],
      "place_monster": [
        {
          "monster": "Rouge_agent",
          "x": 10,
          "y": 10
          },
          {
          "monster": "LMB_squad_leader",
          "x": 11,
          "y": 11
          },
          {
          "monster": "LMB_squad_leader",
          "x": 12,
          "y": 12
          },
          {
          "monster": "LMB_Medic",
          "x": 9,
          "y": 9
          }
          ]
          }
          },
          {
    "type": "mapgen",
    "method": "json",
    "update_mapgen_id": "mx_agent_hunter",
    "object": { "place_nested": [ { "chunks": [ "mx_agent_hunter" ], "x": 0, "y": 0 } ] }
  },
  {
    "type": "mapgen",
    "method": "json",
    "nested_mapgen_id": "mx_agent_hunter",
    "object": {
      "mapgensize": [
        3,
        3
      ],
      "rotation": [
        0,
        3
      ],
      "place_monster": [
        {
          "monster": "agent_hunter",
          "x": 10,
          "y": 10
          }
          ]
          }
          }
          ]